,close,high,low,open,time
0,160.99,161.23,160.92,161.19,2022-03-09 13:45:00+00:00
1,161.3,161.99,160.0,160.99,2022-03-09 14:00:00+00:00
2,161.46,161.99,161.07,161.15,2022-03-09 14:15:00+00:00
3,160.2,161.62,159.49,161.45,2022-03-09 14:30:00+00:00
4,160.42,160.57,159.41,160.2,2022-03-09 14:45:00+00:00
5,161.39,161.39,160.17,160.42,2022-03-09 15:00:00+00:00
6,161.33,161.61,160.78,161.4,2022-03-09 15:15:00+00:00
7,161.63,161.9,161.03,161.34,2022-03-09 15:30:00+00:00
8,162.04,162.25,161.6,161.64,2022-03-09 15:45:00+00:00
9,161.23,162.16,161.14,162.06,2022-03-09 16:00:00+00:00
10,161.1,161.74,161.03,161.23,2022-03-09 16:15:00+00:00
11,161.5,161.75,161.08,161.12,2022-03-09 16:30:00+00:00
12,162.0,162.04,161.46,161.5,2022-03-09 16:45:00+00:00
13,162.05,162.19,161.81,162.01,2022-03-09 17:00:00+00:00
14,162.0,162.24,161.56,162.06,2022-03-09 17:15:00+00:00
15,162.44,162.59,162.0,162.01,2022-03-09 17:30:00+00:00
16,162.66,162.68,162.3,162.45,2022-03-09 17:45:00+00:00
17,162.46,162.68,161.88,162.67,2022-03-09 18:00:00+00:00
18,162.27,162.54,162.08,162.47,2022-03-09 18:15:00+00:00
19,161.73,162.3,161.71,162.28,2022-03-09 18:30:00+00:00
20,161.97,162.16,161.56,161.74,2022-03-09 18:45:00+00:00
21,162.14,162.41,161.89,161.99,2022-03-09 19:00:00+00:00
22,162.34,162.37,161.8,162.15,2022-03-09 19:15:00+00:00
23,162.9,162.99,162.22,162.35,2022-03-09 19:30:00+00:00
24,162.57,163.0,162.48,162.91,2022-03-09 19:45:00+00:00
25,163.14,163.18,162.54,162.58,2022-03-09 20:00:00+00:00
26,163.21,163.28,162.95,163.15,2022-03-09 20:15:00+00:00
27,163.24,163.41,162.94,163.2,2022-03-09 20:30:00+00:00
28,162.98,163.38,162.28,163.24,2022-03-09 20:45:00+00:00
29,162.84,163.2,162.72,162.95,2022-03-09 21:00:00+00:00
30,163.02,163.09,162.81,162.85,2022-03-09 21:15:00+00:00
31,162.9,163.11,162.77,163.02,2022-03-09 21:30:00+00:00
32,162.64,162.96,162.52,162.93,2022-03-09 21:45:00+00:00
33,162.5,162.7,162.5,162.64,2022-03-09 22:00:00+00:00
34,162.5,162.56,162.42,162.5,2022-03-09 22:15:00+00:00
35,162.4,162.56,162.34,162.5,2022-03-09 22:30:00+00:00
36,160.19,160.38,160.11,160.35,2022-03-10 13:45:00+00:00
37,160.17,160.35,160.1,160.19,2022-03-10 14:00:00+00:00
38,160.4,160.4,160.07,160.19,2022-03-10 14:15:00+00:00
39,158.53,160.39,158.48,160.25,2022-03-10 14:30:00+00:00
40,158.93,159.01,158.03,158.52,2022-03-10 14:45:00+00:00
41,158.22,158.92,157.9,158.92,2022-03-10 15:00:00+00:00
42,158.12,158.95,158.12,158.22,2022-03-10 15:15:00+00:00
43,158.02,158.36,157.66,158.13,2022-03-10 15:30:00+00:00
44,157.78,158.27,157.6,158.02,2022-03-10 15:45:00+00:00
45,157.33,157.77,157.16,157.77,2022-03-10 16:00:00+00:00
46,156.68,157.34,156.48,157.33,2022-03-10 16:15:00+00:00
47,157.28,157.29,156.4,156.68,2022-03-10 16:30:00+00:00
48,157.36,157.44,157.03,157.29,2022-03-10 16:45:00+00:00
49,157.1,157.44,156.92,157.36,2022-03-10 17:00:00+00:00
50,157.22,157.5,156.99,157.11,2022-03-10 17:15:00+00:00
51,156.65,157.22,156.55,157.22,2022-03-10 17:30:00+00:00
52,156.07,156.67,156.01,156.65,2022-03-10 17:45:00+00:00
53,156.32,156.54,155.99,156.06,2022-03-10 18:00:00+00:00
54,156.81,157.07,156.24,156.34,2022-03-10 18:15:00+00:00
55,156.72,157.16,156.58,156.83,2022-03-10 18:30:00+00:00
56,157.54,157.73,156.72,156.72,2022-03-10 18:45:00+00:00
57,157.83,158.54,157.42,157.55,2022-03-10 19:00:00+00:00
58,158.23,158.38,157.74,157.83,2022-03-10 19:15:00+00:00
59,158.13,158.62,158.12,158.24,2022-03-10 19:30:00+00:00
60,159.01,159.18,158.13,158.13,2022-03-10 19:45:00+00:00
61,158.48,159.08,158.0,159.02,2022-03-10 20:00:00+00:00
62,158.01,158.65,157.74,158.49,2022-03-10 20:15:00+00:00
63,157.9,158.14,157.41,158.01,2022-03-10 20:30:00+00:00
64,158.52,158.68,157.59,157.89,2022-03-10 20:45:00+00:00
65,158.18,158.52,158.0,158.52,2022-03-10 21:00:00+00:00
66,158.22,158.22,158.11,158.15,2022-03-10 21:15:00+00:00
67,158.18,158.24,158.18,158.22,2022-03-10 21:30:00+00:00
68,158.19,158.2,158.11,158.17,2022-03-10 21:45:00+00:00
69,158.02,158.2,158.01,158.19,2022-03-10 22:00:00+00:00
70,157.96,158.06,157.86,158.04,2022-03-10 22:15:00+00:00
71,157.97,158.08,157.91,157.98,2022-03-10 22:30:00+00:00
72,159.92,160.09,159.86,159.89,2022-03-11 13:45:00+00:00
73,159.57,159.98,159.5,159.9,2022-03-11 14:00:00+00:00
74,158.96,159.84,158.5,159.6,2022-03-11 14:15:00+00:00
75,158.24,159.28,157.66,158.96,2022-03-11 14:30:00+00:00
76,157.65,158.56,156.97,158.24,2022-03-11 14:45:00+00:00
77,157.57,157.77,156.93,157.66,2022-03-11 15:00:00+00:00
78,157.66,157.95,157.09,157.57,2022-03-11 15:15:00+00:00
79,157.68,158.12,157.32,157.66,2022-03-11 15:30:00+00:00
80,157.87,157.93,157.51,157.68,2022-03-11 15:45:00+00:00
81,156.68,157.89,156.63,157.86,2022-03-11 16:00:00+00:00
82,155.89,156.72,155.88,156.69,2022-03-11 16:15:00+00:00
83,155.51,155.91,154.78,155.88,2022-03-11 16:30:00+00:00
84,155.51,155.84,155.33,155.51,2022-03-11 16:45:00+00:00
85,154.99,155.6,154.98,155.49,2022-03-11 17:00:00+00:00
86,154.92,155.44,154.9,155.0,2022-03-11 17:15:00+00:00
87,155.12,155.13,154.74,154.93,2022-03-11 17:30:00+00:00
88,155.38,155.56,154.93,155.14,2022-03-11 17:45:00+00:00
89,155.81,156.07,155.28,155.38,2022-03-11 18:00:00+00:00
90,156.5,156.58,155.81,155.81,2022-03-11 18:15:00+00:00
91,156.67,156.68,156.33,156.5,2022-03-11 18:30:00+00:00
92,156.08,156.8,156.05,156.66,2022-03-11 18:45:00+00:00
93,156.17,156.28,155.9,156.09,2022-03-11 19:00:00+00:00
94,156.54,156.6,155.88,156.18,2022-03-11 19:15:00+00:00
95,156.09,156.54,156.06,156.53,2022-03-11 19:30:00+00:00
96,155.89,156.2,155.62,156.09,2022-03-11 19:45:00+00:00
97,155.21,156.01,155.16,155.86,2022-03-11 20:00:00+00:00
98,155.08,155.47,155.01,155.21,2022-03-11 20:15:00+00:00
99,155.16,155.36,154.93,155.08,2022-03-11 20:30:00+00:00
100,154.8,155.24,154.5,155.16,2022-03-11 20:45:00+00:00
101,154.5,154.96,154.43,154.75,2022-03-11 21:00:00+00:00
102,154.8,154.9,154.49,154.49,2022-03-11 21:15:00+00:00
103,154.84,154.94,154.75,154.85,2022-03-11 21:30:00+00:00
104,154.42,154.85,154.42,154.85,2022-03-11 21:45:00+00:00
105,154.62,154.63,154.41,154.49,2022-03-11 22:00:00+00:00
106,154.5,154.63,154.42,154.5,2022-03-11 22:15:00+00:00
107,154.67,154.67,154.5,154.59,2022-03-11 22:30:00+00:00
108,152.36,152.47,151.51,151.79,2022-03-14 12:45:00+00:00
109,151.88,152.39,151.57,152.38,2022-03-14 13:00:00+00:00
110,151.53,151.98,151.06,151.88,2022-03-14 13:15:00+00:00
111,152.54,152.95,151.31,151.54,2022-03-14 13:30:00+00:00
112,152.47,153.32,151.94,152.53,2022-03-14 13:45:00+00:00
113,153.62,153.69,152.13,152.45,2022-03-14 14:00:00+00:00
114,153.32,153.73,153.13,153.62,2022-03-14 14:15:00+00:00
115,153.0,153.33,152.64,153.32,2022-03-14 14:30:00+00:00
116,153.99,154.0,152.84,152.97,2022-03-14 14:45:00+00:00
117,153.51,154.12,153.28,154.0,2022-03-14 15:00:00+00:00
118,153.08,153.68,152.9,153.53,2022-03-14 15:15:00+00:00
119,152.38,153.19,152.13,153.09,2022-03-14 15:30:00+00:00
120,152.48,152.63,152.17,152.38,2022-03-14 15:45:00+00:00
121,151.73,152.52,151.51,152.47,2022-03-14 16:00:00+00:00
122,151.96,152.27,151.7,151.73,2022-03-14 16:15:00+00:00
123,151.82,152.03,151.36,151.96,2022-03-14 16:30:00+00:00
124,150.98,151.82,150.96,151.8,2022-03-14 16:45:00+00:00
125,150.69,151.02,150.5,150.98,2022-03-14 17:00:00+00:00
126,150.8,151.05,150.57,150.68,2022-03-14 17:15:00+00:00
127,150.92,150.96,150.45,150.8,2022-03-14 17:30:00+00:00
128,151.0,151.44,150.58,150.91,2022-03-14 17:45:00+00:00
129,151.04,151.3,150.9,150.99,2022-03-14 18:00:00+00:00
130,150.68,151.05,150.41,151.03,2022-03-14 18:15:00+00:00
131,150.97,151.35,150.62,150.68,2022-03-14 18:30:00+00:00
132,151.14,151.23,150.58,151.0,2022-03-14 18:45:00+00:00
133,151.52,151.54,150.92,151.14,2022-03-14 19:00:00+00:00
134,151.21,151.73,151.17,151.52,2022-03-14 19:15:00+00:00
135,151.05,151.24,150.55,151.2,2022-03-14 19:30:00+00:00
136,150.64,151.27,150.11,151.06,2022-03-14 19:45:00+00:00
137,150.84,150.97,150.17,150.63,2022-03-14 20:00:00+00:00
138,150.78,150.84,150.65,150.8,2022-03-14 20:15:00+00:00
139,150.82,150.85,150.71,150.78,2022-03-14 20:30:00+00:00
140,150.83,150.84,150.62,150.79,2022-03-14 20:45:00+00:00
141,150.4,150.84,150.2,150.81,2022-03-14 21:00:00+00:00
142,150.21,150.59,150.2,150.4,2022-03-14 21:15:00+00:00
143,150.36,150.47,150.19,150.29,2022-03-14 21:30:00+00:00
144,150.44,150.5,150.36,150.39,2022-03-14 21:45:00+00:00
145,150.45,150.58,150.4,150.44,2022-03-14 22:00:00+00:00
146,150.25,150.44,150.25,150.44,2022-03-14 22:15:00+00:00
147,150.71,150.99,150.27,150.27,2022-03-14 22:30:00+00:00
148,150.98,151.25,150.85,151.25,2022-03-15 12:45:00+00:00
149,151.3,151.56,150.91,150.98,2022-03-15 13:00:00+00:00
150,150.99,151.42,150.33,151.3,2022-03-15 13:15:00+00:00
151,150.83,152.29,150.6,151.04,2022-03-15 13:30:00+00:00
152,151.56,151.61,150.38,150.83,2022-03-15 13:45:00+00:00
153,150.89,151.84,150.77,151.57,2022-03-15 14:00:00+00:00
154,152.02,152.02,150.68,150.89,2022-03-15 14:15:00+00:00
155,152.41,152.65,151.93,152.03,2022-03-15 14:30:00+00:00
156,152.5,152.77,152.18,152.43,2022-03-15 14:45:00+00:00
157,153.12,153.41,152.3,152.53,2022-03-15 15:00:00+00:00
158,153.4,153.4,152.76,153.12,2022-03-15 15:15:00+00:00
159,154.08,154.21,153.33,153.38,2022-03-15 15:30:00+00:00
160,153.32,154.21,153.08,154.09,2022-03-15 15:45:00+00:00
161,154.38,154.42,153.04,153.33,2022-03-15 16:00:00+00:00
162,154.53,154.67,154.21,154.38,2022-03-15 16:15:00+00:00
163,154.29,154.66,154.21,154.54,2022-03-15 16:30:00+00:00
164,154.12,154.39,153.69,154.29,2022-03-15 16:45:00+00:00
165,153.5,154.18,153.49,154.13,2022-03-15 17:00:00+00:00
166,153.26,153.92,153.26,153.53,2022-03-15 17:15:00+00:00
167,153.35,153.6,153.13,153.26,2022-03-15 17:30:00+00:00
168,153.7,153.8,153.23,153.35,2022-03-15 17:45:00+00:00
169,153.16,153.78,153.02,153.69,2022-03-15 18:00:00+00:00
170,153.22,153.42,152.83,153.16,2022-03-15 18:15:00+00:00
171,153.68,153.74,153.02,153.21,2022-03-15 18:30:00+00:00
172,154.4,154.44,153.64,153.66,2022-03-15 18:45:00+00:00
173,154.6,154.74,154.27,154.39,2022-03-15 19:00:00+00:00
174,154.89,155.19,154.59,154.61,2022-03-15 19:15:00+00:00
175,154.99,155.3,154.82,154.91,2022-03-15 19:30:00+00:00
176,155.16,155.57,154.82,154.99,2022-03-15 19:45:00+00:00
177,154.8,155.15,154.71,155.08,2022-03-15 20:00:00+00:00
178,154.85,155.09,154.76,154.76,2022-03-15 20:15:00+00:00
179,155.0,155.07,154.83,154.88,2022-03-15 20:30:00+00:00
180,154.96,155.04,154.95,155.02,2022-03-15 20:45:00+00:00
181,154.93,154.99,154.85,154.96,2022-03-15 21:00:00+00:00
182,154.99,155.05,154.87,154.97,2022-03-15 21:15:00+00:00
183,154.86,155.04,154.84,154.98,2022-03-15 21:30:00+00:00
184,154.89,154.9,154.84,154.9,2022-03-15 21:45:00+00:00
185,154.8,154.9,154.8,154.88,2022-03-15 22:00:00+00:00
186,154.74,154.83,154.72,154.77,2022-03-15 22:15:00+00:00
187,154.68,154.83,154.65,154.74,2022-03-15 22:30:00+00:00
188,157.62,157.83,157.56,157.74,2022-03-16 12:45:00+00:00
189,157.44,157.64,157.35,157.64,2022-03-16 13:00:00+00:00
190,157.08,157.74,157.0,157.44,2022-03-16 13:15:00+00:00
191,156.8,157.2,155.55,157.0,2022-03-16 13:30:00+00:00
192,157.36,157.5,156.79,156.79,2022-03-16 13:45:00+00:00
193,157.25,157.48,156.55,157.37,2022-03-16 14:00:00+00:00
194,157.8,158.02,157.26,157.26,2022-03-16 14:15:00+00:00
195,158.01,158.64,157.71,157.83,2022-03-16 14:30:00+00:00
196,158.43,158.64,157.87,158.02,2022-03-16 14:45:00+00:00
197,157.76,158.49,157.71,158.42,2022-03-16 15:00:00+00:00
198,157.99,158.2,157.7,157.76,2022-03-16 15:15:00+00:00
199,157.92,158.18,157.74,157.98,2022-03-16 15:30:00+00:00
200,158.09,158.12,157.64,157.92,2022-03-16 15:45:00+00:00
201,157.75,158.3,157.7,158.09,2022-03-16 16:00:00+00:00
202,158.05,158.21,157.74,157.75,2022-03-16 16:15:00+00:00
203,158.01,158.13,157.66,158.06,2022-03-16 16:30:00+00:00
204,157.3,158.02,157.21,158.01,2022-03-16 16:45:00+00:00
205,156.81,157.4,156.62,157.3,2022-03-16 17:00:00+00:00
206,156.79,156.89,156.53,156.81,2022-03-16 17:15:00+00:00
207,157.0,157.39,156.78,156.79,2022-03-16 17:30:00+00:00
208,157.37,157.48,156.86,157.0,2022-03-16 17:45:00+00:00
209,155.37,157.45,155.23,157.35,2022-03-16 18:00:00+00:00
210,155.23,156.03,155.14,155.38,2022-03-16 18:15:00+00:00
211,156.42,156.53,154.46,155.21,2022-03-16 18:30:00+00:00
212,157.11,157.56,156.02,156.41,2022-03-16 18:45:00+00:00
213,157.64,157.82,156.75,157.12,2022-03-16 19:00:00+00:00
214,158.33,158.52,157.38,157.64,2022-03-16 19:15:00+00:00
215,158.31,158.38,157.79,158.33,2022-03-16 19:30:00+00:00
216,159.59,160.0,158.19,158.3,2022-03-16 19:45:00+00:00
217,159.4,159.64,159.2,159.63,2022-03-16 20:00:00+00:00
218,159.72,159.8,159.25,159.4,2022-03-16 20:15:00+00:00
219,160.0,161.5,159.71,159.74,2022-03-16 20:30:00+00:00
220,159.77,160.18,159.65,160.12,2022-03-16 20:45:00+00:00
221,159.63,159.79,159.21,159.78,2022-03-16 21:00:00+00:00
222,159.68,159.7,159.51,159.61,2022-03-16 21:15:00+00:00
223,159.54,159.73,159.4,159.69,2022-03-16 21:30:00+00:00
224,159.57,159.59,159.46,159.46,2022-03-16 21:45:00+00:00
225,159.33,159.59,159.33,159.58,2022-03-16 22:00:00+00:00
226,159.2,159.51,159.16,159.36,2022-03-16 22:15:00+00:00
227,159.22,159.29,159.16,159.2,2022-03-16 22:30:00+00:00
228,158.43,158.57,158.2,158.57,2022-03-17 12:45:00+00:00
229,158.6,158.75,158.35,158.41,2022-03-17 13:00:00+00:00
230,158.55,158.76,158.43,158.58,2022-03-17 13:15:00+00:00
231,158.25,159.06,157.73,158.55,2022-03-17 13:30:00+00:00
232,159.48,159.54,158.24,158.25,2022-03-17 13:45:00+00:00
233,159.42,159.91,159.29,159.49,2022-03-17 14:00:00+00:00
234,158.72,159.49,158.66,159.43,2022-03-17 14:15:00+00:00
235,158.34,158.84,158.26,158.71,2022-03-17 14:30:00+00:00
236,158.03,158.44,157.73,158.34,2022-03-17 14:45:00+00:00
237,158.0,158.45,157.63,157.99,2022-03-17 15:00:00+00:00
238,158.5,158.76,158.0,158.0,2022-03-17 15:15:00+00:00
239,158.64,158.84,158.34,158.49,2022-03-17 15:30:00+00:00
240,158.58,158.75,157.94,158.64,2022-03-17 15:45:00+00:00
241,158.77,158.95,158.33,158.6,2022-03-17 16:00:00+00:00
242,159.14,159.3,158.56,158.77,2022-03-17 16:15:00+00:00
243,159.04,159.26,158.88,159.13,2022-03-17 16:30:00+00:00
244,159.02,159.17,158.9,159.06,2022-03-17 16:45:00+00:00
245,158.66,159.16,158.64,159.03,2022-03-17 17:00:00+00:00
246,159.91,159.91,158.52,158.66,2022-03-17 17:15:00+00:00
247,159.97,160.12,159.68,159.91,2022-03-17 17:30:00+00:00
248,160.0,160.25,159.84,159.98,2022-03-17 17:45:00+00:00
249,159.76,160.12,159.68,160.02,2022-03-17 18:00:00+00:00
250,159.33,159.83,159.27,159.76,2022-03-17 18:15:00+00:00
251,159.78,159.81,159.34,159.34,2022-03-17 18:30:00+00:00
252,159.91,159.99,159.55,159.79,2022-03-17 18:45:00+00:00
253,159.52,160.06,159.33,159.9,2022-03-17 19:00:00+00:00
254,159.76,159.8,159.43,159.52,2022-03-17 19:15:00+00:00
255,160.38,160.42,159.71,159.77,2022-03-17 19:30:00+00:00
256,160.99,161.0,159.7,160.37,2022-03-17 19:45:00+00:00
257,160.37,161.0,160.23,160.5,2022-03-17 20:00:00+00:00
258,160.06,160.49,159.95,160.48,2022-03-17 20:15:00+00:00
259,159.7,160.2,159.7,160.06,2022-03-17 20:30:00+00:00
260,159.95,160.18,159.71,159.71,2022-03-17 20:45:00+00:00
261,159.94,160.0,159.9,159.95,2022-03-17 21:00:00+00:00
262,160.0,160.0,159.79,159.93,2022-03-17 21:15:00+00:00
263,160.0,160.0,159.95,160.0,2022-03-17 21:30:00+00:00
264,160.0,160.0,159.94,160.0,2022-03-17 21:45:00+00:00
265,159.8,160.1,159.8,160.0,2022-03-17 22:00:00+00:00
266,159.86,159.91,159.8,159.82,2022-03-17 22:15:00+00:00
267,159.75,159.86,159.7,159.86,2022-03-17 22:30:00+00:00
268,159.52,159.65,159.02,159.65,2022-03-18 12:45:00+00:00
269,159.48,159.71,159.41,159.5,2022-03-18 13:00:00+00:00
270,160.44,161.1,159.41,159.48,2022-03-18 13:15:00+00:00
271,160.05,160.88,159.75,160.46,2022-03-18 13:30:00+00:00
272,160.97,161.02,159.94,160.04,2022-03-18 13:45:00+00:00
273,161.55,161.92,160.88,160.99,2022-03-18 14:00:00+00:00
274,161.4,161.82,160.96,161.56,2022-03-18 14:15:00+00:00
275,161.22,161.65,160.82,161.39,2022-03-18 14:30:00+00:00
276,161.24,161.5,160.98,161.22,2022-03-18 14:45:00+00:00
277,161.9,162.19,161.16,161.24,2022-03-18 15:00:00+00:00
278,161.79,161.99,161.58,161.89,2022-03-18 15:15:00+00:00
279,162.39,162.5,161.78,161.79,2022-03-18 15:30:00+00:00
280,162.34,162.44,161.84,162.4,2022-03-18 15:45:00+00:00
281,162.25,162.39,162.1,162.35,2022-03-18 16:00:00+00:00
282,162.58,162.61,162.26,162.26,2022-03-18 16:15:00+00:00
283,162.8,162.9,162.54,162.58,2022-03-18 16:30:00+00:00
284,162.6,162.85,162.42,162.8,2022-03-18 16:45:00+00:00
285,162.61,162.71,162.41,162.6,2022-03-18 17:00:00+00:00
286,162.63,162.68,162.36,162.61,2022-03-18 17:15:00+00:00
287,162.46,162.64,162.24,162.63,2022-03-18 17:30:00+00:00
288,162.46,162.73,162.35,162.45,2022-03-18 17:45:00+00:00
289,162.72,162.74,162.42,162.46,2022-03-18 18:00:00+00:00
290,162.96,163.05,162.71,162.72,2022-03-18 18:15:00+00:00
291,163.18,163.41,162.84,162.96,2022-03-18 18:30:00+00:00
292,163.43,163.55,163.16,163.18,2022-03-18 18:45:00+00:00
293,163.89,164.02,163.32,163.43,2022-03-18 19:00:00+00:00
294,164.13,164.34,163.86,163.9,2022-03-18 19:15:00+00:00
295,164.4,164.48,164.01,164.13,2022-03-18 19:30:00+00:00
296,163.96,164.47,163.46,164.4,2022-03-18 19:45:00+00:00
297,164.0,164.15,163.9,163.93,2022-03-18 20:00:00+00:00
298,164.41,164.5,164.02,164.06,2022-03-18 20:15:00+00:00
299,164.32,164.51,164.25,164.41,2022-03-18 20:30:00+00:00
300,164.34,164.42,164.21,164.3,2022-03-18 20:45:00+00:00
301,164.23,164.38,164.21,164.34,2022-03-18 21:00:00+00:00
302,164.15,164.32,164.15,164.25,2022-03-18 21:15:00+00:00
303,164.19,164.22,164.11,164.15,2022-03-18 21:30:00+00:00
304,164.16,164.21,164.12,164.19,2022-03-18 21:45:00+00:00
305,164.2,164.26,164.12,164.16,2022-03-18 22:00:00+00:00
306,164.15,164.2,164.12,164.17,2022-03-18 22:15:00+00:00
307,164.15,164.2,164.1,164.15,2022-03-18 22:30:00+00:00
308,164.15,164.33,164.05,164.11,2022-03-21 11:30:00+00:00
309,164.07,164.16,164.01,164.15,2022-03-21 11:45:00+00:00
310,164.07,164.16,163.99,164.07,2022-03-21 12:00:00+00:00
311,163.61,164.05,163.6,164.04,2022-03-21 12:15:00+00:00
312,163.65,163.72,163.48,163.64,2022-03-21 12:30:00+00:00
313,163.6,163.8,163.51,163.65,2022-03-21 12:45:00+00:00
314,163.75,163.83,163.42,163.58,2022-03-21 13:00:00+00:00
315,163.53,164.0,163.43,163.78,2022-03-21 13:15:00+00:00
316,165.34,165.59,163.54,163.54,2022-03-21 13:30:00+00:00
317,164.02,165.52,163.81,165.35,2022-03-21 13:45:00+00:00
318,163.4,164.28,163.28,164.04,2022-03-21 14:00:00+00:00
319,163.23,163.51,163.02,163.4,2022-03-21 14:15:00+00:00
320,163.96,164.26,163.22,163.22,2022-03-21 14:30:00+00:00
321,164.85,165.0,163.93,163.95,2022-03-21 14:45:00+00:00
322,164.87,165.22,164.53,164.87,2022-03-21 15:00:00+00:00
323,166.05,166.16,164.78,164.87,2022-03-21 15:15:00+00:00
324,165.99,166.35,165.66,166.05,2022-03-21 15:30:00+00:00
325,166.25,166.29,165.82,166.0,2022-03-21 15:45:00+00:00
326,165.8,166.3,165.59,166.25,2022-03-21 16:00:00+00:00
327,165.61,165.92,165.37,165.85,2022-03-21 16:15:00+00:00
328,164.79,165.64,164.07,165.62,2022-03-21 16:30:00+00:00
329,163.93,164.88,163.82,164.8,2022-03-21 16:45:00+00:00
330,163.76,164.09,163.6,163.94,2022-03-21 17:00:00+00:00
331,163.69,163.78,163.17,163.76,2022-03-21 17:15:00+00:00
332,163.55,164.03,163.42,163.68,2022-03-21 17:30:00+00:00
333,163.9,163.99,163.45,163.56,2022-03-21 17:45:00+00:00
334,164.21,164.29,163.61,163.9,2022-03-21 18:00:00+00:00
335,164.67,164.79,163.9,164.2,2022-03-21 18:15:00+00:00
336,164.56,164.74,164.34,164.67,2022-03-21 18:30:00+00:00
337,164.07,164.87,163.99,164.57,2022-03-21 18:45:00+00:00
338,164.35,164.39,163.92,164.07,2022-03-21 19:00:00+00:00
339,164.71,164.76,164.24,164.33,2022-03-21 19:15:00+00:00
340,164.53,164.85,164.32,164.7,2022-03-21 19:30:00+00:00
341,165.38,165.39,164.1,164.53,2022-03-21 19:45:00+00:00
342,165.52,165.82,165.27,165.38,2022-03-21 20:00:00+00:00
343,165.32,165.58,165.31,165.56,2022-03-21 20:15:00+00:00
344,165.5,165.54,165.33,165.38,2022-03-21 20:30:00+00:00
345,165.43,165.62,165.32,165.5,2022-03-21 20:45:00+00:00
346,165.43,165.52,165.38,165.43,2022-03-21 21:00:00+00:00
347,165.41,165.49,165.32,165.46,2022-03-21 21:15:00+00:00
348,165.4,165.49,165.33,165.41,2022-03-21 21:30:00+00:00
349,165.42,165.45,165.32,165.33,2022-03-21 21:45:00+00:00
350,165.33,165.43,165.31,165.42,2022-03-21 22:00:00+00:00
351,165.31,165.39,165.31,165.39,2022-03-21 22:15:00+00:00
352,165.23,165.34,165.0,165.34,2022-03-21 22:30:00+00:00
353,165.66,165.77,165.53,165.65,2022-03-22 11:30:00+00:00
354,165.52,165.71,165.45,165.64,2022-03-22 11:45:00+00:00
355,165.37,165.5,165.36,165.45,2022-03-22 12:00:00+00:00
356,165.28,165.49,165.18,165.31,2022-03-22 12:15:00+00:00
357,165.31,165.44,165.18,165.3,2022-03-22 12:30:00+00:00
358,165.59,165.66,165.4,165.48,2022-03-22 12:45:00+00:00
359,165.45,165.69,165.35,165.59,2022-03-22 13:00:00+00:00
360,165.47,165.65,165.28,165.45,2022-03-22 13:15:00+00:00
361,166.68,166.71,164.91,165.47,2022-03-22 13:30:00+00:00
362,166.12,166.78,165.71,166.69,2022-03-22 13:45:00+00:00
363,167.16,167.3,166.15,166.15,2022-03-22 14:00:00+00:00
364,168.02,168.05,167.15,167.15,2022-03-22 14:15:00+00:00
365,168.46,168.79,167.93,168.04,2022-03-22 14:30:00+00:00
366,168.4,168.71,168.34,168.46,2022-03-22 14:45:00+00:00
367,168.95,168.97,168.27,168.4,2022-03-22 15:00:00+00:00
368,168.81,169.12,168.76,168.96,2022-03-22 15:15:00+00:00
369,168.39,168.83,168.39,168.8,2022-03-22 15:30:00+00:00
370,168.62,168.91,168.33,168.39,2022-03-22 15:45:00+00:00
371,168.59,168.96,168.49,168.62,2022-03-22 16:00:00+00:00
372,168.34,168.66,168.19,168.59,2022-03-22 16:15:00+00:00
373,168.32,168.59,168.18,168.35,2022-03-22 16:30:00+00:00
374,168.84,168.94,168.26,168.33,2022-03-22 16:45:00+00:00
375,168.9,169.05,168.7,168.85,2022-03-22 17:00:00+00:00
376,168.75,168.97,168.5,168.9,2022-03-22 17:15:00+00:00
377,168.96,169.09,168.78,168.78,2022-03-22 17:30:00+00:00
378,169.31,169.42,168.82,168.96,2022-03-22 17:45:00+00:00
379,168.78,169.36,168.72,169.31,2022-03-22 18:00:00+00:00
380,168.63,169.06,168.33,168.79,2022-03-22 18:15:00+00:00
381,168.64,168.86,168.46,168.62,2022-03-22 18:30:00+00:00
382,168.62,168.74,168.48,168.64,2022-03-22 18:45:00+00:00
383,168.87,169.03,168.57,168.6,2022-03-22 19:00:00+00:00
384,168.85,169.08,168.8,168.87,2022-03-22 19:15:00+00:00
385,169.11,169.17,168.79,168.85,2022-03-22 19:30:00+00:00
386,168.83,169.25,168.5,169.11,2022-03-22 19:45:00+00:00
387,168.93,169.13,168.81,168.83,2022-03-22 20:00:00+00:00
388,168.95,169.01,168.93,168.98,2022-03-22 20:15:00+00:00
389,168.9,168.99,168.83,168.99,2022-03-22 20:30:00+00:00
390,168.94,168.98,168.89,168.98,2022-03-22 20:45:00+00:00
391,168.83,168.96,168.83,168.93,2022-03-22 21:00:00+00:00
392,168.77,168.85,168.7,168.83,2022-03-22 21:15:00+00:00
393,168.82,168.88,168.77,168.82,2022-03-22 21:30:00+00:00
394,168.85,168.88,168.81,168.83,2022-03-22 21:45:00+00:00
395,168.74,168.86,168.68,168.86,2022-03-22 22:00:00+00:00
396,168.79,168.86,168.74,168.78,2022-03-22 22:15:00+00:00
397,168.9,168.95,168.81,168.85,2022-03-22 22:30:00+00:00
398,167.79,168.12,167.79,167.96,2022-03-23 11:30:00+00:00
399,168.0,168.0,167.77,167.86,2022-03-23 11:45:00+00:00
400,168.19,168.23,167.88,167.9,2022-03-23 12:00:00+00:00
401,168.09,168.09,167.97,168.01,2022-03-23 12:15:00+00:00
402,167.91,168.0,167.85,168.0,2022-03-23 12:30:00+00:00
403,167.78,167.96,167.6,167.95,2022-03-23 12:45:00+00:00
404,167.82,167.9,167.75,167.78,2022-03-23 13:00:00+00:00
405,167.96,168.3,167.8,167.86,2022-03-23 13:15:00+00:00
406,168.71,169.19,167.65,167.96,2022-03-23 13:30:00+00:00
407,169.54,169.8,168.44,168.72,2022-03-23 13:45:00+00:00
408,170.45,170.48,169.19,169.54,2022-03-23 14:00:00+00:00
409,170.25,170.75,170.0,170.44,2022-03-23 14:15:00+00:00
410,170.06,170.49,169.87,170.25,2022-03-23 14:30:00+00:00
411,170.41,170.47,169.76,170.07,2022-03-23 14:45:00+00:00
412,170.92,170.95,170.34,170.41,2022-03-23 15:00:00+00:00
413,171.25,171.6,170.88,170.92,2022-03-23 15:15:00+00:00
414,171.63,171.65,171.13,171.26,2022-03-23 15:30:00+00:00
415,171.77,171.86,171.34,171.63,2022-03-23 15:45:00+00:00
416,171.32,172.22,171.18,171.78,2022-03-23 16:00:00+00:00
417,171.86,171.88,171.34,171.34,2022-03-23 16:15:00+00:00
418,171.45,171.88,171.36,171.85,2022-03-23 16:30:00+00:00
419,171.72,171.77,171.31,171.46,2022-03-23 16:45:00+00:00
420,172.46,172.64,171.71,171.72,2022-03-23 17:00:00+00:00
421,171.79,172.51,171.69,172.47,2022-03-23 17:15:00+00:00
422,171.94,172.24,171.72,171.79,2022-03-23 17:30:00+00:00
423,172.32,172.43,171.83,171.95,2022-03-23 17:45:00+00:00
424,171.65,172.43,171.63,172.33,2022-03-23 18:00:00+00:00
425,171.97,171.99,171.54,171.64,2022-03-23 18:15:00+00:00
426,171.76,172.05,171.43,171.95,2022-03-23 18:30:00+00:00
427,171.73,172.18,171.52,171.76,2022-03-23 18:45:00+00:00
428,171.33,171.96,171.32,171.72,2022-03-23 19:00:00+00:00
429,171.25,171.54,170.96,171.33,2022-03-23 19:15:00+00:00
430,171.19,171.47,170.72,171.24,2022-03-23 19:30:00+00:00
431,170.22,171.42,170.09,171.18,2022-03-23 19:45:00+00:00
432,170.17,170.29,170.05,170.25,2022-03-23 20:00:00+00:00
433,170.28,170.47,170.1,170.13,2022-03-23 20:15:00+00:00
434,170.32,170.38,170.14,170.29,2022-03-23 20:30:00+00:00
435,170.33,170.46,170.21,170.37,2022-03-23 20:45:00+00:00
436,170.29,170.36,170.25,170.33,2022-03-23 21:00:00+00:00
437,170.11,170.34,170.1,170.31,2022-03-23 21:15:00+00:00
438,170.15,170.15,170.0,170.11,2022-03-23 21:30:00+00:00
439,170.15,170.17,170.06,170.11,2022-03-23 21:45:00+00:00
440,170.24,170.28,170.1,170.26,2022-03-23 22:00:00+00:00
441,170.22,170.3,170.12,170.2,2022-03-23 22:15:00+00:00
442,170.28,170.31,170.17,170.2,2022-03-23 22:30:00+00:00
443,171.26,171.69,171.03,171.55,2022-03-24 11:30:00+00:00
444,171.17,171.38,171.07,171.25,2022-03-24 11:45:00+00:00
445,171.04,171.28,170.95,171.19,2022-03-24 12:00:00+00:00
446,171.08,171.13,170.88,171.09,2022-03-24 12:15:00+00:00
447,171.33,171.33,170.92,171.2,2022-03-24 12:30:00+00:00
448,171.28,171.45,171.24,171.28,2022-03-24 12:45:00+00:00
449,171.15,171.37,171.12,171.29,2022-03-24 13:00:00+00:00
450,171.2,171.51,171.04,171.18,2022-03-24 13:15:00+00:00
451,171.87,172.34,170.72,171.2,2022-03-24 13:30:00+00:00
452,170.9,172.13,170.87,171.87,2022-03-24 13:45:00+00:00
453,171.13,171.5,170.7,170.9,2022-03-24 14:00:00+00:00
454,170.45,171.29,170.33,171.15,2022-03-24 14:15:00+00:00
455,171.17,171.22,170.21,170.44,2022-03-24 14:30:00+00:00
456,170.75,171.37,170.61,171.17,2022-03-24 14:45:00+00:00
457,171.31,171.4,170.6,170.75,2022-03-24 15:00:00+00:00
458,172.02,172.02,171.17,171.32,2022-03-24 15:15:00+00:00
459,172.22,172.27,171.77,172.02,2022-03-24 15:30:00+00:00
460,171.88,172.2,171.78,172.2,2022-03-24 15:45:00+00:00
461,171.52,171.91,171.31,171.88,2022-03-24 16:00:00+00:00
462,171.17,171.63,171.04,171.54,2022-03-24 16:15:00+00:00
463,171.35,171.36,171.03,171.17,2022-03-24 16:30:00+00:00
464,171.35,171.47,171.17,171.36,2022-03-24 16:45:00+00:00
465,171.86,172.87,171.28,171.35,2022-03-24 17:00:00+00:00
466,171.92,172.21,171.83,171.86,2022-03-24 17:15:00+00:00
467,172.11,172.28,171.82,171.91,2022-03-24 17:30:00+00:00
468,172.15,172.26,172.02,172.1,2022-03-24 17:45:00+00:00
469,172.07,172.52,171.81,172.16,2022-03-24 18:00:00+00:00
470,172.18,172.21,171.85,172.07,2022-03-24 18:15:00+00:00
471,172.28,172.33,172.03,172.19,2022-03-24 18:30:00+00:00
472,172.57,172.63,172.07,172.28,2022-03-24 18:45:00+00:00
473,172.93,173.09,172.39,172.57,2022-03-24 19:00:00+00:00
474,173.22,173.42,172.78,172.93,2022-03-24 19:15:00+00:00
475,173.21,173.38,172.87,173.24,2022-03-24 19:30:00+00:00
476,174.1,174.14,173.19,173.21,2022-03-24 19:45:00+00:00
477,173.95,174.2,173.95,174.09,2022-03-24 20:00:00+00:00
478,173.94,173.99,173.92,173.96,2022-03-24 20:15:00+00:00
479,173.96,174.0,173.92,173.95,2022-03-24 20:30:00+00:00
480,173.98,174.02,173.95,173.96,2022-03-24 20:45:00+00:00
481,173.85,174.0,173.85,173.99,2022-03-24 21:00:00+00:00
482,173.98,173.99,173.8,173.8,2022-03-24 21:15:00+00:00
483,173.82,173.98,173.8,173.97,2022-03-24 21:30:00+00:00
484,173.81,173.85,173.76,173.82,2022-03-24 21:45:00+00:00
485,173.78,173.91,173.78,173.8,2022-03-24 22:00:00+00:00
486,173.82,173.83,173.73,173.78,2022-03-24 22:15:00+00:00
487,173.78,173.84,173.58,173.84,2022-03-24 22:30:00+00:00
488,174.63,174.74,174.55,174.65,2022-03-25 11:30:00+00:00
489,174.62,174.75,174.62,174.62,2022-03-25 11:45:00+00:00
490,174.5,174.67,174.37,174.62,2022-03-25 12:00:00+00:00
491,174.25,174.5,174.25,174.5,2022-03-25 12:15:00+00:00
492,174.11,174.22,173.95,174.22,2022-03-25 12:30:00+00:00
493,174.07,174.14,174.06,174.11,2022-03-25 12:45:00+00:00
494,173.65,174.07,173.64,174.07,2022-03-25 13:00:00+00:00
495,173.83,173.98,173.47,173.69,2022-03-25 13:15:00+00:00
496,173.95,174.1,173.03,173.79,2022-03-25 13:30:00+00:00
497,173.79,174.65,173.71,173.94,2022-03-25 13:45:00+00:00
498,174.03,174.42,173.55,173.78,2022-03-25 14:00:00+00:00
499,174.42,174.73,173.74,174.02,2022-03-25 14:15:00+00:00
500,175.04,175.27,174.24,174.42,2022-03-25 14:30:00+00:00
501,174.57,175.28,174.36,175.04,2022-03-25 14:45:00+00:00
502,173.36,174.65,173.33,174.57,2022-03-25 15:00:00+00:00
503,173.2,173.72,172.79,173.38,2022-03-25 15:15:00+00:00
504,173.59,173.6,172.99,173.22,2022-03-25 15:30:00+00:00
505,173.11,173.6,172.75,173.6,2022-03-25 15:45:00+00:00
506,173.53,173.6,172.9,173.09,2022-03-25 16:00:00+00:00
507,173.33,173.74,173.19,173.53,2022-03-25 16:15:00+00:00
508,173.02,173.36,172.85,173.36,2022-03-25 16:30:00+00:00
509,173.27,173.48,172.89,173.03,2022-03-25 16:45:00+00:00
510,173.11,173.32,172.92,173.28,2022-03-25 17:00:00+00:00
511,173.62,173.8,173.12,173.12,2022-03-25 17:15:00+00:00
512,173.78,173.81,173.58,173.65,2022-03-25 17:30:00+00:00
513,174.29,174.32,173.67,173.79,2022-03-25 17:45:00+00:00
514,174.4,174.56,174.18,174.29,2022-03-25 18:00:00+00:00
515,174.45,174.51,174.18,174.42,2022-03-25 18:15:00+00:00
516,174.53,174.71,174.35,174.45,2022-03-25 18:30:00+00:00
517,174.72,174.76,174.39,174.5,2022-03-25 18:45:00+00:00
518,174.23,174.78,173.95,174.72,2022-03-25 19:00:00+00:00
519,173.43,174.3,173.4,174.22,2022-03-25 19:15:00+00:00
520,173.76,173.92,173.33,173.43,2022-03-25 19:30:00+00:00
521,174.73,174.8,173.76,173.76,2022-03-25 19:45:00+00:00
522,174.59,174.77,174.51,174.73,2022-03-25 20:00:00+00:00
523,174.64,174.74,174.59,174.6,2022-03-25 20:15:00+00:00
524,174.57,174.68,174.57,174.68,2022-03-25 20:30:00+00:00
525,174.53,174.62,174.52,174.6,2022-03-25 20:45:00+00:00
526,174.59,174.64,174.52,174.54,2022-03-25 21:00:00+00:00
527,174.61,174.62,174.59,174.59,2022-03-25 21:15:00+00:00
528,174.64,174.65,174.6,174.61,2022-03-25 21:30:00+00:00
529,174.69,174.69,174.6,174.64,2022-03-25 21:45:00+00:00
530,174.71,174.73,174.6,174.6,2022-03-25 22:00:00+00:00
531,174.7,174.73,174.6,174.71,2022-03-25 22:15:00+00:00
532,174.75,174.75,174.65,174.73,2022-03-25 22:30:00+00:00
533,172.65,173.03,172.55,172.93,2022-03-28 11:30:00+00:00
534,172.48,172.7,172.42,172.58,2022-03-28 11:45:00+00:00
535,172.37,172.51,172.29,172.5,2022-03-28 12:00:00+00:00
536,172.2,172.43,171.99,172.39,2022-03-28 12:15:00+00:00
537,171.94,172.27,171.89,172.17,2022-03-28 12:30:00+00:00
538,172.15,172.17,171.8,171.95,2022-03-28 12:45:00+00:00
539,172.11,172.42,171.85,172.15,2022-03-28 13:00:00+00:00
540,172.15,172.24,171.95,172.14,2022-03-28 13:15:00+00:00
541,174.32,174.72,172.0,172.04,2022-03-28 13:30:00+00:00
542,174.47,175.0,173.81,174.33,2022-03-28 13:45:00+00:00
543,173.97,174.52,173.79,174.49,2022-03-28 14:00:00+00:00
544,174.34,174.44,173.63,174.01,2022-03-28 14:15:00+00:00
545,174.09,174.41,173.82,174.35,2022-03-28 14:30:00+00:00
546,174.97,175.0,174.09,174.09,2022-03-28 14:45:00+00:00
547,174.57,175.0,174.16,174.97,2022-03-28 15:00:00+00:00
548,174.38,174.66,174.11,174.57,2022-03-28 15:15:00+00:00
549,173.73,174.39,173.39,174.39,2022-03-28 15:30:00+00:00
550,173.16,173.74,173.1,173.74,2022-03-28 15:45:00+00:00
551,173.28,173.67,173.08,173.15,2022-03-28 16:00:00+00:00
552,173.4,173.53,173.09,173.27,2022-03-28 16:15:00+00:00
553,173.73,173.8,173.34,173.41,2022-03-28 16:30:00+00:00
554,174.04,174.08,173.58,173.73,2022-03-28 16:45:00+00:00
555,174.13,174.16,173.92,174.04,2022-03-28 17:00:00+00:00
556,174.44,174.59,174.08,174.12,2022-03-28 17:15:00+00:00
557,174.53,174.59,174.38,174.45,2022-03-28 17:30:00+00:00
558,174.42,174.61,174.15,174.53,2022-03-28 17:45:00+00:00
559,174.56,174.77,174.34,174.43,2022-03-28 18:00:00+00:00
560,174.74,174.8,174.48,174.57,2022-03-28 18:15:00+00:00
561,174.77,174.97,174.52,174.74,2022-03-28 18:30:00+00:00
562,175.04,175.06,174.66,174.78,2022-03-28 18:45:00+00:00
563,174.96,175.11,174.73,175.01,2022-03-28 19:00:00+00:00
564,175.0,175.1,174.86,174.97,2022-03-28 19:15:00+00:00
565,175.05,175.2,174.96,175.0,2022-03-28 19:30:00+00:00
566,175.59,175.73,174.81,175.04,2022-03-28 19:45:00+00:00
567,175.56,175.68,175.51,175.59,2022-03-28 20:00:00+00:00
568,175.7,175.75,175.55,175.57,2022-03-28 20:15:00+00:00
569,175.67,175.74,175.65,175.68,2022-03-28 20:30:00+00:00
570,175.6,175.68,175.59,175.68,2022-03-28 20:45:00+00:00
571,175.58,175.65,175.53,175.59,2022-03-28 21:00:00+00:00
572,175.51,175.6,175.46,175.58,2022-03-28 21:15:00+00:00
573,175.5,175.56,175.47,175.54,2022-03-28 21:30:00+00:00
574,175.51,175.56,175.47,175.51,2022-03-28 21:45:00+00:00
575,175.45,175.51,175.45,175.51,2022-03-28 22:00:00+00:00
576,175.46,175.49,175.42,175.49,2022-03-28 22:15:00+00:00
577,175.45,175.54,175.4,175.4,2022-03-28 22:30:00+00:00
578,176.24,176.37,175.62,175.84,2022-03-29 11:30:00+00:00
579,176.36,176.57,176.1,176.35,2022-03-29 11:45:00+00:00
580,176.24,176.42,176.16,176.3,2022-03-29 12:00:00+00:00
581,176.97,176.97,176.2,176.24,2022-03-29 12:15:00+00:00
582,176.46,176.92,176.46,176.92,2022-03-29 12:30:00+00:00
583,176.84,176.91,176.48,176.54,2022-03-29 12:45:00+00:00
584,176.91,176.91,176.5,176.84,2022-03-29 13:00:00+00:00
585,176.75,176.92,176.38,176.9,2022-03-29 13:15:00+00:00
586,177.33,177.55,176.34,176.7,2022-03-29 13:30:00+00:00
587,177.57,178.13,176.9,177.33,2022-03-29 13:45:00+00:00
588,176.84,178.0,176.6,177.6,2022-03-29 14:00:00+00:00
589,177.38,177.39,176.7,176.84,2022-03-29 14:15:00+00:00
590,176.72,177.44,176.36,177.38,2022-03-29 14:30:00+00:00
591,177.2,177.42,176.59,176.73,2022-03-29 14:45:00+00:00
592,177.17,177.45,177.0,177.2,2022-03-29 15:00:00+00:00
593,177.83,177.85,177.08,177.18,2022-03-29 15:15:00+00:00
594,177.74,177.88,177.53,177.83,2022-03-29 15:30:00+00:00
595,177.48,177.82,177.41,177.75,2022-03-29 15:45:00+00:00
596,177.44,177.5,177.15,177.48,2022-03-29 16:00:00+00:00
597,177.17,177.44,177.1,177.42,2022-03-29 16:15:00+00:00
598,177.16,177.2,176.73,177.16,2022-03-29 16:30:00+00:00
599,177.18,177.39,177.08,177.17,2022-03-29 16:45:00+00:00
600,177.08,177.23,176.86,177.19,2022-03-29 17:00:00+00:00
601,177.1,177.22,176.82,177.08,2022-03-29 17:15:00+00:00
602,177.52,177.56,177.02,177.1,2022-03-29 17:30:00+00:00
603,178.08,178.09,177.38,177.52,2022-03-29 17:45:00+00:00
604,177.8,178.08,177.64,178.08,2022-03-29 18:00:00+00:00
605,177.85,177.88,177.48,177.78,2022-03-29 18:15:00+00:00
606,178.09,178.13,177.77,177.84,2022-03-29 18:30:00+00:00
607,178.34,178.39,178.0,178.08,2022-03-29 18:45:00+00:00
608,178.73,178.9,178.28,178.35,2022-03-29 19:00:00+00:00
609,178.78,178.96,178.64,178.74,2022-03-29 19:15:00+00:00
610,178.78,178.96,178.41,178.78,2022-03-29 19:30:00+00:00
611,179.0,179.0,178.41,178.77,2022-03-29 19:45:00+00:00
612,178.71,178.99,178.7,178.99,2022-03-29 20:00:00+00:00
613,178.72,178.88,178.7,178.75,2022-03-29 20:15:00+00:00
614,178.63,178.75,178.51,178.72,2022-03-29 20:30:00+00:00
615,178.67,178.74,178.59,178.65,2022-03-29 20:45:00+00:00
616,178.73,178.75,178.63,178.63,2022-03-29 21:00:00+00:00
617,178.7,178.79,178.7,178.73,2022-03-29 21:15:00+00:00
618,178.74,178.78,178.73,178.73,2022-03-29 21:30:00+00:00
619,178.75,178.75,178.7,178.75,2022-03-29 21:45:00+00:00
620,178.6,178.75,178.58,178.75,2022-03-29 22:00:00+00:00
621,178.7,178.72,178.59,178.61,2022-03-29 22:15:00+00:00
622,178.67,178.7,178.63,178.65,2022-03-29 22:30:00+00:00
623,178.24,178.32,178.17,178.23,2022-03-30 11:30:00+00:00
624,178.23,178.28,178.19,178.26,2022-03-30 11:45:00+00:00
625,177.74,178.28,177.73,178.28,2022-03-30 12:00:00+00:00
626,177.6,177.89,177.6,177.73,2022-03-30 12:15:00+00:00
627,177.88,178.01,177.6,177.6,2022-03-30 12:30:00+00:00
628,178.07,178.07,177.64,177.86,2022-03-30 12:45:00+00:00
629,178.15,178.3,177.73,178.08,2022-03-30 13:00:00+00:00
630,178.55,178.7,177.85,178.18,2022-03-30 13:15:00+00:00
631,178.73,179.61,178.2,178.55,2022-03-30 13:30:00+00:00
632,178.75,179.12,178.28,178.74,2022-03-30 13:45:00+00:00
633,179.42,179.45,178.54,178.75,2022-03-30 14:00:00+00:00
634,178.9,179.52,178.82,179.42,2022-03-30 14:15:00+00:00
635,178.68,179.03,178.6,178.91,2022-03-30 14:30:00+00:00
636,177.92,178.83,177.85,178.68,2022-03-30 14:45:00+00:00
637,177.6,178.0,177.47,177.91,2022-03-30 15:00:00+00:00
638,177.64,177.98,177.52,177.6,2022-03-30 15:15:00+00:00
639,177.73,178.19,177.62,177.65,2022-03-30 15:30:00+00:00
640,177.8,177.93,177.57,177.73,2022-03-30 15:45:00+00:00
641,177.74,178.06,177.5,177.79,2022-03-30 16:00:00+00:00
642,177.77,177.89,177.62,177.74,2022-03-30 16:15:00+00:00
643,178.32,178.34,177.66,177.77,2022-03-30 16:30:00+00:00
644,178.38,178.47,178.12,178.33,2022-03-30 16:45:00+00:00
645,178.42,178.44,178.16,178.39,2022-03-30 17:00:00+00:00
646,178.2,178.46,178.06,178.42,2022-03-30 17:15:00+00:00
647,178.37,179.29,178.15,178.2,2022-03-30 17:30:00+00:00
648,178.15,178.56,178.06,178.36,2022-03-30 17:45:00+00:00
649,178.38,178.47,178.12,178.15,2022-03-30 18:00:00+00:00
650,178.01,178.38,177.95,178.38,2022-03-30 18:15:00+00:00
651,177.88,178.31,177.86,178.01,2022-03-30 18:30:00+00:00
652,177.67,177.98,177.62,177.88,2022-03-30 18:45:00+00:00
653,177.38,177.7,177.2,177.67,2022-03-30 19:00:00+00:00
654,177.2,177.42,176.7,177.37,2022-03-30 19:15:00+00:00
655,177.08,177.54,176.96,177.19,2022-03-30 19:30:00+00:00
656,177.79,177.79,176.96,177.09,2022-03-30 19:45:00+00:00
657,177.96,177.97,177.5,177.78,2022-03-30 20:00:00+00:00
658,177.87,177.98,177.8,177.95,2022-03-30 20:15:00+00:00
659,177.88,177.9,177.72,177.81,2022-03-30 20:30:00+00:00
660,177.91,177.98,177.77,177.85,2022-03-30 20:45:00+00:00
661,177.95,178.0,177.81,177.92,2022-03-30 21:00:00+00:00
662,177.93,177.94,177.9,177.91,2022-03-30 21:15:00+00:00
663,177.95,177.95,177.89,177.94,2022-03-30 21:30:00+00:00
664,177.94,177.98,177.91,177.96,2022-03-30 21:45:00+00:00
665,177.9,177.97,177.88,177.94,2022-03-30 22:00:00+00:00
666,177.91,177.92,177.89,177.9,2022-03-30 22:15:00+00:00
667,177.9,177.9,177.88,177.89,2022-03-30 22:30:00+00:00
668,177.97,178.0,177.82,177.82,2022-03-31 11:30:00+00:00
669,178.2,178.2,178.0,178.0,2022-03-31 11:45:00+00:00
670,178.2,178.28,178.12,178.16,2022-03-31 12:00:00+00:00
671,178.3,178.32,178.14,178.15,2022-03-31 12:15:00+00:00
672,178.1,178.53,178.1,178.29,2022-03-31 12:30:00+00:00
673,178.09,178.26,177.97,178.04,2022-03-31 12:45:00+00:00
674,177.91,178.19,177.76,178.13,2022-03-31 13:00:00+00:00
675,177.87,177.94,177.59,177.93,2022-03-31 13:15:00+00:00
676,176.23,178.02,175.89,177.87,2022-03-31 13:30:00+00:00
677,176.24,176.35,175.62,176.23,2022-03-31 13:45:00+00:00
678,176.19,176.31,175.53,176.24,2022-03-31 14:00:00+00:00
679,176.22,176.53,176.06,176.18,2022-03-31 14:15:00+00:00
680,176.94,176.97,176.19,176.24,2022-03-31 14:30:00+00:00
681,176.95,177.17,176.79,176.94,2022-03-31 14:45:00+00:00
682,176.59,176.97,176.49,176.95,2022-03-31 15:00:00+00:00
683,176.46,176.8,176.36,176.6,2022-03-31 15:15:00+00:00
684,176.81,177.11,176.38,176.47,2022-03-31 15:30:00+00:00
685,177.09,177.1,176.66,176.81,2022-03-31 15:45:00+00:00
686,176.88,177.25,176.8,177.08,2022-03-31 16:00:00+00:00
687,176.74,177.02,176.53,176.88,2022-03-31 16:15:00+00:00
688,176.7,176.85,176.45,176.74,2022-03-31 16:30:00+00:00
689,176.53,176.77,176.49,176.71,2022-03-31 16:45:00+00:00
690,176.24,176.73,176.17,176.52,2022-03-31 17:00:00+00:00
691,176.61,176.64,176.14,176.24,2022-03-31 17:15:00+00:00
692,176.43,176.77,176.34,176.61,2022-03-31 17:30:00+00:00
693,176.63,176.99,176.41,176.42,2022-03-31 17:45:00+00:00
694,176.37,176.66,176.26,176.63,2022-03-31 18:00:00+00:00
695,176.44,176.47,176.24,176.36,2022-03-31 18:15:00+00:00
696,176.45,176.7,176.32,176.42,2022-03-31 18:30:00+00:00
697,176.91,176.92,176.35,176.45,2022-03-31 18:45:00+00:00
698,176.88,177.24,176.78,176.91,2022-03-31 19:00:00+00:00
699,176.47,176.88,176.36,176.88,2022-03-31 19:15:00+00:00
700,175.96,176.48,175.95,176.46,2022-03-31 19:30:00+00:00
701,174.68,176.36,174.4,175.96,2022-03-31 19:45:00+00:00
702,175.05,175.1,174.61,174.67,2022-03-31 20:00:00+00:00
703,174.83,175.04,174.78,175.04,2022-03-31 20:15:00+00:00
704,174.9,174.96,174.8,174.82,2022-03-31 20:30:00+00:00
705,174.85,175.02,174.8,174.88,2022-03-31 20:45:00+00:00
706,174.87,174.91,174.78,174.86,2022-03-31 21:00:00+00:00
707,174.84,174.89,174.75,174.79,2022-03-31 21:15:00+00:00
708,174.7,174.84,174.61,174.82,2022-03-31 21:30:00+00:00
709,174.69,174.8,174.63,174.8,2022-03-31 21:45:00+00:00
710,174.74,174.81,174.65,174.68,2022-03-31 22:00:00+00:00
711,174.7,174.77,174.68,174.74,2022-03-31 22:15:00+00:00
712,174.77,174.79,174.67,174.68,2022-03-31 22:30:00+00:00
713,174.94,175.0,174.72,174.79,2022-04-01 11:30:00+00:00
714,174.84,174.95,174.8,174.93,2022-04-01 11:45:00+00:00
715,174.9,174.91,174.79,174.87,2022-04-01 12:00:00+00:00
716,174.9,175.0,174.87,174.91,2022-04-01 12:15:00+00:00
717,173.76,174.9,173.75,174.85,2022-04-01 12:30:00+00:00
718,173.6,173.97,173.35,173.88,2022-04-01 12:45:00+00:00
719,173.68,173.72,173.26,173.6,2022-04-01 13:00:00+00:00
720,173.99,174.01,173.34,173.65,2022-04-01 13:15:00+00:00
721,174.0,174.88,173.22,173.99,2022-04-01 13:30:00+00:00
722,172.84,174.09,172.61,173.98,2022-04-01 13:45:00+00:00
723,174.11,174.17,172.51,172.83,2022-04-01 14:00:00+00:00
724,173.25,174.12,172.99,174.12,2022-04-01 14:15:00+00:00
725,173.82,173.9,173.0,173.25,2022-04-01 14:30:00+00:00
726,173.9,174.02,173.65,173.83,2022-04-01 14:45:00+00:00
727,173.3,174.01,173.26,173.9,2022-04-01 15:00:00+00:00
728,172.92,173.32,172.77,173.29,2022-04-01 15:15:00+00:00
729,172.3,172.93,172.19,172.91,2022-04-01 15:30:00+00:00
730,172.2,172.54,171.95,172.29,2022-04-01 15:45:00+00:00
731,172.48,172.52,172.08,172.18,2022-04-01 16:00:00+00:00
732,172.84,172.88,172.31,172.48,2022-04-01 16:15:00+00:00
733,172.58,172.84,172.32,172.84,2022-04-01 16:30:00+00:00
734,172.28,172.64,172.28,172.58,2022-04-01 16:45:00+00:00
735,172.2,172.51,172.12,172.27,2022-04-01 17:00:00+00:00
736,172.33,172.52,172.11,172.2,2022-04-01 17:15:00+00:00
737,172.67,172.8,172.2,172.32,2022-04-01 17:30:00+00:00
738,172.54,172.67,172.38,172.67,2022-04-01 17:45:00+00:00
739,173.09,173.4,172.46,172.53,2022-04-01 18:00:00+00:00
740,173.35,173.36,173.0,173.11,2022-04-01 18:15:00+00:00
741,173.6,173.69,173.26,173.35,2022-04-01 18:30:00+00:00
742,173.22,173.74,173.16,173.59,2022-04-01 18:45:00+00:00
743,173.31,173.55,173.08,173.2,2022-04-01 19:00:00+00:00
744,173.03,173.45,172.88,173.31,2022-04-01 19:15:00+00:00
745,172.9,173.2,172.77,173.04,2022-04-01 19:30:00+00:00
746,174.26,174.64,172.77,172.88,2022-04-01 19:45:00+00:00
747,174.1,174.34,173.98,174.31,2022-04-01 20:00:00+00:00
748,174.14,174.14,173.99,174.13,2022-04-01 20:15:00+00:00
749,174.19,174.26,174.08,174.11,2022-04-01 20:30:00+00:00
750,174.1,174.25,173.9,174.19,2022-04-01 20:45:00+00:00
751,174.0,174.08,173.9,174.08,2022-04-01 21:00:00+00:00
752,174.06,174.1,173.98,173.98,2022-04-01 21:15:00+00:00
753,174.04,174.1,173.93,174.1,2022-04-01 21:30:00+00:00
754,174.1,174.1,174.02,174.03,2022-04-01 21:45:00+00:00
755,174.08,174.09,174.08,174.08,2022-04-01 22:00:00+00:00
756,174.01,174.11,174.01,174.09,2022-04-01 22:15:00+00:00
757,174.04,174.07,174.01,174.01,2022-04-01 22:30:00+00:00
758,174.76,174.83,174.72,174.81,2022-04-04 11:30:00+00:00
759,174.88,174.88,174.67,174.76,2022-04-04 11:45:00+00:00
760,174.69,174.8,174.66,174.8,2022-04-04 12:00:00+00:00
761,174.62,174.77,174.62,174.73,2022-04-04 12:15:00+00:00
762,174.52,174.68,174.49,174.64,2022-04-04 12:30:00+00:00
763,174.25,174.49,174.15,174.48,2022-04-04 12:45:00+00:00
764,174.38,174.4,174.24,174.24,2022-04-04 13:00:00+00:00
765,174.62,174.62,174.25,174.39,2022-04-04 13:15:00+00:00
766,176.47,176.68,174.43,174.62,2022-04-04 13:30:00+00:00
767,177.8,177.95,176.35,176.48,2022-04-04 13:45:00+00:00
768,177.64,178.21,177.48,177.75,2022-04-04 14:00:00+00:00
769,177.36,177.8,176.98,177.64,2022-04-04 14:15:00+00:00
770,176.96,177.4,176.73,177.37,2022-04-04 14:30:00+00:00
771,177.35,177.43,176.73,176.97,2022-04-04 14:45:00+00:00
772,177.65,177.83,177.3,177.36,2022-04-04 15:00:00+00:00
773,177.65,177.7,177.45,177.65,2022-04-04 15:15:00+00:00
774,177.14,177.7,177.12,177.65,2022-04-04 15:30:00+00:00
775,177.24,177.59,177.11,177.15,2022-04-04 15:45:00+00:00
776,177.76,177.78,177.18,177.25,2022-04-04 16:00:00+00:00
777,177.66,177.84,177.55,177.76,2022-04-04 16:15:00+00:00
778,177.28,177.68,177.13,177.66,2022-04-04 16:30:00+00:00
779,177.21,177.29,177.01,177.27,2022-04-04 16:45:00+00:00
780,177.01,177.26,176.93,177.2,2022-04-04 17:00:00+00:00
781,177.23,177.32,176.96,177.01,2022-04-04 17:15:00+00:00
782,177.21,177.34,177.1,177.23,2022-04-04 17:30:00+00:00
783,177.53,177.62,177.11,177.21,2022-04-04 17:45:00+00:00
784,177.24,177.54,177.02,177.54,2022-04-04 18:00:00+00:00
785,177.49,177.54,177.17,177.23,2022-04-04 18:15:00+00:00
786,177.55,177.64,177.43,177.49,2022-04-04 18:30:00+00:00
787,177.75,177.81,177.52,177.54,2022-04-04 18:45:00+00:00
788,177.98,178.06,177.7,177.75,2022-04-04 19:00:00+00:00
789,178.3,178.3,177.92,177.97,2022-04-04 19:15:00+00:00
790,178.13,178.45,178.13,178.29,2022-04-04 19:30:00+00:00
791,178.45,178.48,177.98,178.13,2022-04-04 19:45:00+00:00
792,178.44,178.55,178.3,178.46,2022-04-04 20:00:00+00:00
793,178.47,178.54,178.4,178.45,2022-04-04 20:15:00+00:00
794,178.46,178.48,178.42,178.42,2022-04-04 20:30:00+00:00
795,178.39,178.48,178.39,178.46,2022-04-04 20:45:00+00:00
796,178.36,178.39,178.35,178.39,2022-04-04 21:00:00+00:00
797,178.31,178.44,178.31,178.37,2022-04-04 21:15:00+00:00
798,178.28,178.36,178.25,178.3,2022-04-04 21:30:00+00:00
799,178.29,178.3,178.25,178.26,2022-04-04 21:45:00+00:00
800,178.3,178.49,178.3,178.3,2022-04-04 22:00:00+00:00
801,178.3,178.35,178.3,178.35,2022-04-04 22:15:00+00:00
802,178.25,178.3,178.24,178.3,2022-04-04 22:30:00+00:00
803,178.38,178.38,178.07,178.08,2022-04-05 11:30:00+00:00
804,178.34,178.42,178.33,178.37,2022-04-05 11:45:00+00:00
805,178.3,178.5,178.29,178.36,2022-04-05 12:00:00+00:00
806,178.03,178.18,177.92,178.11,2022-04-05 12:15:00+00:00
807,178.16,178.19,178.01,178.01,2022-04-05 12:30:00+00:00
808,177.95,178.2,177.87,178.18,2022-04-05 12:45:00+00:00
809,178.06,178.11,177.93,177.95,2022-04-05 13:00:00+00:00
810,177.55,178.18,177.22,178.08,2022-04-05 13:15:00+00:00
811,177.86,178.17,177.05,177.5,2022-04-05 13:30:00+00:00
812,177.64,178.3,177.24,177.88,2022-04-05 13:45:00+00:00
813,176.9,178.13,176.45,177.62,2022-04-05 14:00:00+00:00
814,176.91,177.02,176.22,176.88,2022-04-05 14:15:00+00:00
815,176.71,176.94,176.33,176.9,2022-04-05 14:30:00+00:00
816,176.89,177.08,176.61,176.71,2022-04-05 14:45:00+00:00
817,176.59,177.1,176.34,176.89,2022-04-05 15:00:00+00:00
818,176.5,176.68,176.21,176.6,2022-04-05 15:15:00+00:00
819,175.9,176.55,175.85,176.49,2022-04-05 15:30:00+00:00
820,175.69,175.99,175.69,175.91,2022-04-05 15:45:00+00:00
821,175.83,175.96,175.59,175.68,2022-04-05 16:00:00+00:00
822,175.28,175.86,175.23,175.82,2022-04-05 16:15:00+00:00
823,175.25,175.43,175.19,175.26,2022-04-05 16:30:00+00:00
824,175.56,175.64,175.05,175.25,2022-04-05 16:45:00+00:00
825,175.95,176.03,175.42,175.57,2022-04-05 17:00:00+00:00
826,175.64,176.12,175.6,175.95,2022-04-05 17:15:00+00:00
827,175.16,175.65,175.16,175.64,2022-04-05 17:30:00+00:00
828,175.25,175.27,174.93,175.16,2022-04-05 17:45:00+00:00
829,175.32,175.35,175.1,175.24,2022-04-05 18:00:00+00:00
830,175.38,175.74,175.29,175.32,2022-04-05 18:15:00+00:00
831,175.33,175.48,175.03,175.37,2022-04-05 18:30:00+00:00
832,175.06,175.43,174.99,175.32,2022-04-05 18:45:00+00:00
833,174.49,175.14,174.46,175.06,2022-04-05 19:00:00+00:00
834,174.86,175.04,174.42,174.48,2022-04-05 19:15:00+00:00
835,174.82,175.02,174.61,174.85,2022-04-05 19:30:00+00:00
836,175.04,175.22,174.45,174.82,2022-04-05 19:45:00+00:00
837,175.16,175.5,174.85,175.08,2022-04-05 20:00:00+00:00
838,175.07,175.19,175.0,175.14,2022-04-05 20:15:00+00:00
839,175.12,175.15,175.0,175.09,2022-04-05 20:30:00+00:00
840,175.3,175.34,175.12,175.12,2022-04-05 20:45:00+00:00
841,175.31,175.32,175.2,175.3,2022-04-05 21:00:00+00:00
842,175.16,175.31,175.16,175.31,2022-04-05 21:15:00+00:00
843,175.22,175.26,175.17,175.18,2022-04-05 21:30:00+00:00
844,175.15,175.22,175.15,175.22,2022-04-05 21:45:00+00:00
845,175.2,175.23,175.06,175.21,2022-04-05 22:00:00+00:00
846,174.96,175.04,174.93,175.02,2022-04-05 22:15:00+00:00
847,175.1,175.1,174.96,174.96,2022-04-05 22:30:00+00:00
848,172.51,172.7,172.46,172.69,2022-04-06 11:30:00+00:00
849,172.41,172.68,172.28,172.55,2022-04-06 11:45:00+00:00
850,172.49,172.5,172.21,172.34,2022-04-06 12:00:00+00:00
851,172.59,172.69,172.35,172.35,2022-04-06 12:15:00+00:00
852,172.41,172.61,172.28,172.61,2022-04-06 12:30:00+00:00
853,172.53,172.54,172.21,172.41,2022-04-06 12:45:00+00:00
854,172.52,172.59,172.45,172.53,2022-04-06 13:00:00+00:00
855,172.42,172.6,172.01,172.52,2022-04-06 13:15:00+00:00
856,171.76,173.24,171.63,172.4,2022-04-06 13:30:00+00:00
857,171.62,171.85,171.22,171.76,2022-04-06 13:45:00+00:00
858,171.11,171.67,171.03,171.63,2022-04-06 14:00:00+00:00
859,171.13,171.59,171.02,171.1,2022-04-06 14:15:00+00:00
860,171.33,171.41,170.81,171.13,2022-04-06 14:30:00+00:00
861,170.89,171.58,170.88,171.31,2022-04-06 14:45:00+00:00
862,170.43,170.98,170.13,170.87,2022-04-06 15:00:00+00:00
863,170.84,170.9,170.14,170.44,2022-04-06 15:15:00+00:00
864,171.16,171.18,170.5,170.84,2022-04-06 15:30:00+00:00
865,171.62,171.74,171.11,171.16,2022-04-06 15:45:00+00:00
866,171.3,171.71,171.21,171.62,2022-04-06 16:00:00+00:00
867,170.98,171.31,170.84,171.3,2022-04-06 16:15:00+00:00
868,171.08,171.26,170.88,170.98,2022-04-06 16:30:00+00:00
869,171.35,171.47,170.92,171.07,2022-04-06 16:45:00+00:00
870,171.28,171.4,171.03,171.34,2022-04-06 17:00:00+00:00
871,171.72,171.72,171.24,171.27,2022-04-06 17:15:00+00:00
872,172.2,172.27,171.57,171.71,2022-04-06 17:30:00+00:00
873,171.92,172.39,171.91,172.19,2022-04-06 17:45:00+00:00
874,171.58,173.41,171.51,171.96,2022-04-06 18:00:00+00:00
875,171.38,171.57,170.93,171.56,2022-04-06 18:15:00+00:00
876,172.57,173.16,171.35,171.37,2022-04-06 18:30:00+00:00
877,173.1,173.23,172.13,172.57,2022-04-06 18:45:00+00:00
878,172.84,173.63,172.69,173.12,2022-04-06 19:00:00+00:00
879,171.66,173.2,171.62,172.88,2022-04-06 19:15:00+00:00
880,172.26,172.39,171.57,171.67,2022-04-06 19:30:00+00:00
881,171.52,172.91,171.51,172.26,2022-04-06 19:45:00+00:00
882,171.6,171.99,171.56,171.57,2022-04-06 20:00:00+00:00
883,171.4,171.57,171.3,171.56,2022-04-06 20:15:00+00:00
884,171.26,171.43,171.22,171.4,2022-04-06 20:30:00+00:00
885,171.29,171.35,171.21,171.27,2022-04-06 20:45:00+00:00
886,171.3,171.35,171.27,171.3,2022-04-06 21:00:00+00:00
887,171.38,171.41,171.28,171.28,2022-04-06 21:15:00+00:00
888,171.39,171.41,171.3,171.41,2022-04-06 21:30:00+00:00
889,171.31,171.4,171.28,171.4,2022-04-06 21:45:00+00:00
890,171.45,171.64,171.3,171.35,2022-04-06 22:00:00+00:00
891,171.57,171.75,171.45,171.66,2022-04-06 22:15:00+00:00
892,171.61,171.76,171.58,171.65,2022-04-06 22:30:00+00:00
893,172.07,172.29,171.92,172.2,2022-04-07 11:30:00+00:00
894,172.15,172.15,171.97,172.07,2022-04-07 11:45:00+00:00
895,171.7,172.18,171.7,172.18,2022-04-07 12:00:00+00:00
896,171.49,171.74,171.47,171.58,2022-04-07 12:15:00+00:00
897,171.69,171.84,171.4,171.47,2022-04-07 12:30:00+00:00
898,171.21,171.61,171.16,171.6,2022-04-07 12:45:00+00:00
899,171.13,171.47,170.91,171.23,2022-04-07 13:00:00+00:00
900,171.22,171.38,170.89,171.13,2022-04-07 13:15:00+00:00
901,171.59,172.69,171.03,171.2,2022-04-07 13:30:00+00:00
902,172.46,172.5,171.27,171.59,2022-04-07 13:45:00+00:00
903,172.6,173.13,171.9,172.45,2022-04-07 14:00:00+00:00
904,172.08,172.72,171.92,172.58,2022-04-07 14:15:00+00:00
905,171.41,172.39,171.22,172.05,2022-04-07 14:30:00+00:00
906,171.41,171.72,171.15,171.41,2022-04-07 14:45:00+00:00
907,171.12,171.79,170.96,171.4,2022-04-07 15:00:00+00:00
908,170.85,171.34,170.62,171.12,2022-04-07 15:15:00+00:00
909,170.71,170.89,170.41,170.86,2022-04-07 15:30:00+00:00
910,170.69,171.07,170.48,170.7,2022-04-07 15:45:00+00:00
911,171.31,171.53,170.63,170.69,2022-04-07 16:00:00+00:00
912,170.89,171.43,170.79,171.31,2022-04-07 16:15:00+00:00
913,170.32,170.93,170.32,170.9,2022-04-07 16:30:00+00:00
914,170.28,170.47,169.86,170.33,2022-04-07 16:45:00+00:00
915,171.04,171.29,170.22,170.28,2022-04-07 17:00:00+00:00
916,171.19,171.36,170.95,171.03,2022-04-07 17:15:00+00:00
917,170.96,171.38,170.89,171.2,2022-04-07 17:30:00+00:00
918,171.67,171.75,170.81,170.95,2022-04-07 17:45:00+00:00
919,171.62,171.9,171.56,171.66,2022-04-07 18:00:00+00:00
920,171.68,172.25,171.43,171.62,2022-04-07 18:15:00+00:00
921,172.04,172.04,171.49,171.65,2022-04-07 18:30:00+00:00
922,172.66,172.77,171.83,172.01,2022-04-07 18:45:00+00:00
923,173.03,173.08,172.57,172.65,2022-04-07 19:00:00+00:00
924,172.66,173.18,172.62,173.03,2022-04-07 19:15:00+00:00
925,173.1,173.31,172.62,172.66,2022-04-07 19:30:00+00:00
926,172.17,173.34,171.88,173.11,2022-04-07 19:45:00+00:00
927,172.08,172.28,172.01,172.17,2022-04-07 20:00:00+00:00
928,171.71,172.09,171.61,172.09,2022-04-07 20:15:00+00:00
929,171.82,171.84,171.73,171.81,2022-04-07 20:30:00+00:00
930,171.94,171.98,171.76,171.79,2022-04-07 20:45:00+00:00
931,171.91,171.99,171.91,171.94,2022-04-07 21:00:00+00:00
932,171.91,171.97,171.9,171.95,2022-04-07 21:15:00+00:00
933,172.08,172.08,171.95,171.97,2022-04-07 21:30:00+00:00
934,172.05,172.09,171.95,171.95,2022-04-07 21:45:00+00:00
935,171.98,172.05,171.9,172.05,2022-04-07 22:00:00+00:00
936,171.9,172.05,171.9,171.98,2022-04-07 22:15:00+00:00
937,171.85,172.0,171.85,171.92,2022-04-07 22:30:00+00:00
938,172.62,172.69,172.35,172.37,2022-04-08 11:30:00+00:00
939,172.53,172.64,172.53,172.6,2022-04-08 11:45:00+00:00
940,172.42,172.65,172.41,172.59,2022-04-08 12:00:00+00:00
941,172.53,172.57,172.4,172.44,2022-04-08 12:15:00+00:00
942,172.35,172.5,172.25,172.47,2022-04-08 12:30:00+00:00
943,172.4,172.5,172.28,172.31,2022-04-08 12:45:00+00:00
944,171.7,172.46,171.62,172.4,2022-04-08 13:00:00+00:00
945,171.76,172.01,171.61,171.7,2022-04-08 13:15:00+00:00
946,170.21,171.78,170.06,171.78,2022-04-08 13:30:00+00:00
947,169.24,170.58,169.22,170.22,2022-04-08 13:45:00+00:00
948,170.07,170.36,169.24,169.24,2022-04-08 14:00:00+00:00
949,170.27,170.43,169.72,170.09,2022-04-08 14:15:00+00:00
950,170.08,170.4,170.03,170.29,2022-04-08 14:30:00+00:00
951,170.94,170.95,169.62,170.07,2022-04-08 14:45:00+00:00
952,170.83,171.36,170.64,170.94,2022-04-08 15:00:00+00:00
953,170.9,171.18,170.56,170.84,2022-04-08 15:15:00+00:00
954,170.63,171.17,170.34,170.92,2022-04-08 15:30:00+00:00
955,171.32,171.36,170.54,170.65,2022-04-08 15:45:00+00:00
956,171.31,171.58,171.13,171.31,2022-04-08 16:00:00+00:00
957,171.66,171.77,171.11,171.33,2022-04-08 16:15:00+00:00
958,171.5,171.72,171.4,171.66,2022-04-08 16:30:00+00:00
959,171.62,171.7,171.31,171.5,2022-04-08 16:45:00+00:00
960,171.01,171.64,171.0,171.63,2022-04-08 17:00:00+00:00
961,170.82,171.1,170.76,171.01,2022-04-08 17:15:00+00:00
962,170.53,170.86,170.28,170.83,2022-04-08 17:30:00+00:00
963,170.17,170.56,170.12,170.53,2022-04-08 17:45:00+00:00
964,170.36,170.39,169.96,170.16,2022-04-08 18:00:00+00:00
965,169.95,170.6,169.83,170.36,2022-04-08 18:15:00+00:00
966,170.02,170.22,169.78,169.96,2022-04-08 18:30:00+00:00
967,170.49,170.75,170.01,170.03,2022-04-08 18:45:00+00:00
968,170.58,170.9,170.22,170.49,2022-04-08 19:00:00+00:00
969,170.74,170.97,170.47,170.57,2022-04-08 19:15:00+00:00
970,170.69,170.85,170.31,170.75,2022-04-08 19:30:00+00:00
971,170.14,170.81,169.82,170.67,2022-04-08 19:45:00+00:00
972,169.96,170.24,169.94,170.14,2022-04-08 20:00:00+00:00
973,169.98,170.0,169.94,169.97,2022-04-08 20:15:00+00:00
974,169.99,170.0,169.96,169.99,2022-04-08 20:30:00+00:00
975,169.99,170.0,169.96,169.99,2022-04-08 20:45:00+00:00
976,170.0,170.01,169.97,169.97,2022-04-08 21:00:00+00:00
977,169.99,170.02,169.97,170.0,2022-04-08 21:15:00+00:00
978,169.93,170.01,169.9,169.98,2022-04-08 21:30:00+00:00
979,169.93,170.0,169.9,169.93,2022-04-08 21:45:00+00:00
980,169.89,169.92,169.88,169.91,2022-04-08 22:00:00+00:00
981,169.82,170.0,169.82,169.9,2022-04-08 22:15:00+00:00
982,169.76,169.85,169.76,169.82,2022-04-08 22:30:00+00:00
983,167.98,168.33,167.75,168.3,2022-04-11 11:30:00+00:00
984,167.89,168.07,167.79,168.07,2022-04-11 11:45:00+00:00
985,167.92,168.0,167.73,168.0,2022-04-11 12:00:00+00:00
986,167.77,167.91,167.67,167.89,2022-04-11 12:15:00+00:00
987,168.16,168.25,167.83,167.87,2022-04-11 12:30:00+00:00
988,168.06,168.49,168.06,168.25,2022-04-11 12:45:00+00:00
989,168.26,168.45,168.0,168.07,2022-04-11 13:00:00+00:00
990,168.71,168.98,167.91,168.35,2022-04-11 13:15:00+00:00
991,167.75,169.03,167.2,168.75,2022-04-11 13:30:00+00:00
992,167.0,168.11,166.89,167.75,2022-04-11 13:45:00+00:00
993,166.84,167.34,166.65,166.98,2022-04-11 14:00:00+00:00
994,166.48,167.3,166.37,166.87,2022-04-11 14:15:00+00:00
995,166.29,167.04,166.22,166.49,2022-04-11 14:30:00+00:00
996,166.16,166.48,166.11,166.29,2022-04-11 14:45:00+00:00
997,166.35,166.63,166.11,166.15,2022-04-11 15:00:00+00:00
998,166.44,166.49,166.22,166.34,2022-04-11 15:15:00+00:00
999,166.78,166.78,166.4,166.43,2022-04-11 15:30:00+00:00
1000,167.02,167.2,166.71,166.78,2022-04-11 15:45:00+00:00
1001,166.68,167.02,166.64,167.02,2022-04-11 16:00:00+00:00
1002,166.56,166.87,166.49,166.68,2022-04-11 16:15:00+00:00
1003,166.78,166.86,166.55,166.55,2022-04-11 16:30:00+00:00
1004,167.04,167.14,166.74,166.78,2022-04-11 16:45:00+00:00
1005,167.3,167.45,167.02,167.02,2022-04-11 17:00:00+00:00
1006,166.91,167.33,166.84,167.32,2022-04-11 17:15:00+00:00
1007,167.03,167.16,166.8,166.92,2022-04-11 17:30:00+00:00
1008,167.0,167.08,166.78,167.04,2022-04-11 17:45:00+00:00
1009,166.72,167.24,166.62,167.0,2022-04-11 18:00:00+00:00
1010,166.66,166.73,166.5,166.72,2022-04-11 18:15:00+00:00
1011,166.6,166.78,166.49,166.65,2022-04-11 18:30:00+00:00
1012,166.83,167.13,166.6,166.6,2022-04-11 18:45:00+00:00
1013,166.56,167.1,166.56,166.82,2022-04-11 19:00:00+00:00
1014,166.13,166.61,166.05,166.57,2022-04-11 19:15:00+00:00
1015,165.87,166.26,165.76,166.12,2022-04-11 19:30:00+00:00
1016,165.78,166.1,165.51,165.86,2022-04-11 19:45:00+00:00
1017,165.67,165.81,165.43,165.79,2022-04-11 20:00:00+00:00
1018,165.55,165.68,165.51,165.68,2022-04-11 20:15:00+00:00
1019,165.6,165.69,165.5,165.55,2022-04-11 20:30:00+00:00
1020,165.54,165.61,165.54,165.58,2022-04-11 20:45:00+00:00
1021,165.42,165.6,165.39,165.56,2022-04-11 21:00:00+00:00
1022,165.49,165.55,165.41,165.42,2022-04-11 21:15:00+00:00
1023,165.56,165.6,165.5,165.5,2022-04-11 21:30:00+00:00
1024,165.52,165.58,165.5,165.55,2022-04-11 21:45:00+00:00
1025,165.73,165.73,165.52,165.52,2022-04-11 22:00:00+00:00
1026,165.66,165.8,165.62,165.73,2022-04-11 22:15:00+00:00
1027,165.74,165.75,165.67,165.68,2022-04-11 22:30:00+00:00
1028,165.41,165.58,165.41,165.56,2022-04-12 11:30:00+00:00
1029,165.76,165.76,165.51,165.51,2022-04-12 11:45:00+00:00
1030,166.18,166.21,165.73,165.83,2022-04-12 12:00:00+00:00
1031,166.11,166.2,166.04,166.15,2022-04-12 12:15:00+00:00
1032,168.3,168.39,166.2,166.2,2022-04-12 12:30:00+00:00
1033,168.83,168.99,168.14,168.33,2022-04-12 12:45:00+00:00
1034,168.17,168.87,168.17,168.86,2022-04-12 13:00:00+00:00
1035,168.01,168.39,167.8,168.17,2022-04-12 13:15:00+00:00
1036,168.45,168.45,166.93,168.01,2022-04-12 13:30:00+00:00
1037,169.32,169.78,168.21,168.46,2022-04-12 13:45:00+00:00
1038,169.65,169.87,169.05,169.34,2022-04-12 14:00:00+00:00
1039,169.58,169.84,169.11,169.63,2022-04-12 14:15:00+00:00
1040,168.85,169.67,168.62,169.59,2022-04-12 14:30:00+00:00
1041,168.14,169.08,168.07,168.85,2022-04-12 14:45:00+00:00
1042,168.33,168.4,167.82,168.11,2022-04-12 15:00:00+00:00
1043,169.08,169.1,168.3,168.32,2022-04-12 15:15:00+00:00
1044,169.05,169.38,168.92,169.09,2022-04-12 15:30:00+00:00
1045,168.85,169.15,168.63,169.05,2022-04-12 15:45:00+00:00
1046,168.33,168.88,168.16,168.86,2022-04-12 16:00:00+00:00
1047,167.85,168.84,167.78,168.35,2022-04-12 16:15:00+00:00
1048,167.89,168.09,167.71,167.82,2022-04-12 16:30:00+00:00
1049,168.25,168.43,167.71,167.89,2022-04-12 16:45:00+00:00
1050,168.22,168.38,167.61,168.22,2022-04-12 17:00:00+00:00
1051,168.11,168.56,167.93,168.22,2022-04-12 17:15:00+00:00
1052,167.75,168.31,167.7,168.11,2022-04-12 17:30:00+00:00
1053,167.17,167.78,167.04,167.74,2022-04-12 17:45:00+00:00
1054,166.98,167.5,166.97,167.15,2022-04-12 18:00:00+00:00
1055,166.94,167.09,166.74,166.98,2022-04-12 18:15:00+00:00
1056,167.32,167.41,166.64,166.93,2022-04-12 18:30:00+00:00
1057,167.45,167.75,167.32,167.32,2022-04-12 18:45:00+00:00
1058,166.88,167.55,166.7,167.47,2022-04-12 19:00:00+00:00
1059,167.11,167.45,166.87,166.89,2022-04-12 19:15:00+00:00
1060,167.5,167.83,166.97,167.11,2022-04-12 19:30:00+00:00
1061,167.64,168.1,167.36,167.51,2022-04-12 19:45:00+00:00
1062,167.73,167.97,167.45,167.65,2022-04-12 20:00:00+00:00
1063,167.75,167.97,167.7,167.72,2022-04-12 20:15:00+00:00
1064,167.7,167.79,167.66,167.79,2022-04-12 20:30:00+00:00
1065,167.73,167.78,167.63,167.71,2022-04-12 20:45:00+00:00
1066,167.68,167.72,167.58,167.65,2022-04-12 21:00:00+00:00
1067,167.79,167.79,167.6,167.69,2022-04-12 21:15:00+00:00
1068,167.68,167.97,167.68,167.88,2022-04-12 21:30:00+00:00
1069,167.7,167.75,167.66,167.72,2022-04-12 21:45:00+00:00
1070,167.79,167.86,167.7,167.8,2022-04-12 22:00:00+00:00
1071,167.66,167.74,167.66,167.7,2022-04-12 22:15:00+00:00
1072,167.66,167.79,167.65,167.7,2022-04-12 22:30:00+00:00
1073,168.69,169.08,168.68,169.07,2022-04-13 11:30:00+00:00
1074,168.13,168.67,168.13,168.64,2022-04-13 11:45:00+00:00
1075,168.0,168.18,167.91,168.09,2022-04-13 12:00:00+00:00
1076,167.75,168.09,167.66,168.0,2022-04-13 12:15:00+00:00
1077,167.93,168.0,167.64,167.75,2022-04-13 12:30:00+00:00
1078,167.48,168.1,167.48,168.02,2022-04-13 12:45:00+00:00
1079,167.68,167.72,167.23,167.48,2022-04-13 13:00:00+00:00
1080,167.42,167.93,167.01,167.66,2022-04-13 13:15:00+00:00
1081,167.98,168.1,166.78,167.35,2022-04-13 13:30:00+00:00
1082,167.87,168.47,167.76,168.0,2022-04-13 13:45:00+00:00
1083,168.32,168.54,167.63,167.88,2022-04-13 14:00:00+00:00
1084,168.68,168.9,168.33,168.33,2022-04-13 14:15:00+00:00
1085,168.7,169.04,168.29,168.7,2022-04-13 14:30:00+00:00
1086,168.59,168.83,168.39,168.7,2022-04-13 14:45:00+00:00
1087,169.55,169.58,168.61,168.61,2022-04-13 15:00:00+00:00
1088,169.69,169.91,169.43,169.53,2022-04-13 15:15:00+00:00
1089,170.08,170.22,169.68,169.7,2022-04-13 15:30:00+00:00
1090,169.78,170.09,169.65,170.08,2022-04-13 15:45:00+00:00
1091,169.97,170.02,169.6,169.8,2022-04-13 16:00:00+00:00
1092,170.44,170.75,169.96,169.98,2022-04-13 16:15:00+00:00
1093,170.83,170.9,170.28,170.45,2022-04-13 16:30:00+00:00
1094,170.65,171.0,170.6,170.85,2022-04-13 16:45:00+00:00
1095,170.87,170.99,170.51,170.67,2022-04-13 17:00:00+00:00
1096,170.56,170.97,170.46,170.84,2022-04-13 17:15:00+00:00
1097,170.09,170.59,170.07,170.57,2022-04-13 17:30:00+00:00
1098,170.28,170.31,169.96,170.08,2022-04-13 17:45:00+00:00
1099,170.23,170.47,170.07,170.3,2022-04-13 18:00:00+00:00
1100,170.28,170.48,170.16,170.22,2022-04-13 18:15:00+00:00
1101,170.29,170.36,170.16,170.29,2022-04-13 18:30:00+00:00
1102,170.51,170.55,170.15,170.29,2022-04-13 18:45:00+00:00
1103,170.47,170.61,170.12,170.52,2022-04-13 19:00:00+00:00
1104,170.8,170.83,170.46,170.46,2022-04-13 19:15:00+00:00
1105,170.73,171.04,170.59,170.8,2022-04-13 19:30:00+00:00
1106,170.4,170.93,170.29,170.71,2022-04-13 19:45:00+00:00
1107,170.34,170.48,170.12,170.36,2022-04-13 20:00:00+00:00
1108,170.3,170.35,170.29,170.33,2022-04-13 20:15:00+00:00
1109,170.29,170.35,170.25,170.3,2022-04-13 20:30:00+00:00
1110,170.2,170.35,170.16,170.26,2022-04-13 20:45:00+00:00
1111,170.15,170.2,170.11,170.2,2022-04-13 21:00:00+00:00
1112,170.14,170.2,170.11,170.12,2022-04-13 21:15:00+00:00
1113,170.23,170.27,170.14,170.14,2022-04-13 21:30:00+00:00
1114,170.24,170.27,170.21,170.23,2022-04-13 21:45:00+00:00
1115,170.16,170.3,170.16,170.3,2022-04-13 22:00:00+00:00
1116,170.16,170.24,170.16,170.19,2022-04-13 22:15:00+00:00
1117,170.29,170.35,170.16,170.17,2022-04-13 22:30:00+00:00
1118,170.33,170.35,170.23,170.3,2022-04-14 11:30:00+00:00
1119,170.13,170.53,170.13,170.35,2022-04-14 11:45:00+00:00
1120,170.31,170.42,170.1,170.15,2022-04-14 12:00:00+00:00
1121,170.44,170.5,170.28,170.35,2022-04-14 12:15:00+00:00
1122,170.3,170.56,170.16,170.45,2022-04-14 12:30:00+00:00
1123,170.17,170.3,170.1,170.29,2022-04-14 12:45:00+00:00
1124,170.25,170.29,170.1,170.18,2022-04-14 13:00:00+00:00
1125,170.63,171.22,170.22,170.23,2022-04-14 13:15:00+00:00
1126,169.67,171.27,169.63,170.73,2022-04-14 13:30:00+00:00
1127,169.38,170.07,169.28,169.67,2022-04-14 13:45:00+00:00
1128,168.46,169.61,168.34,169.37,2022-04-14 14:00:00+00:00
1129,168.47,168.83,168.09,168.48,2022-04-14 14:15:00+00:00
1130,168.24,168.72,168.13,168.46,2022-04-14 14:30:00+00:00
1131,168.02,168.58,167.76,168.23,2022-04-14 14:45:00+00:00
1132,168.05,168.15,167.59,168.0,2022-04-14 15:00:00+00:00
1133,168.26,168.32,167.72,168.05,2022-04-14 15:15:00+00:00
1134,167.48,168.35,167.36,168.25,2022-04-14 15:30:00+00:00
1135,167.46,167.62,167.35,167.5,2022-04-14 15:45:00+00:00
1136,167.48,167.84,167.27,167.45,2022-04-14 16:00:00+00:00
1137,166.96,167.62,166.87,167.49,2022-04-14 16:15:00+00:00
1138,166.76,167.07,166.68,166.96,2022-04-14 16:30:00+00:00
1139,166.85,166.91,166.57,166.77,2022-04-14 16:45:00+00:00
1140,166.77,166.95,166.65,166.85,2022-04-14 17:00:00+00:00
1141,166.56,166.89,166.56,166.77,2022-04-14 17:15:00+00:00
1142,166.8,166.89,166.46,166.57,2022-04-14 17:30:00+00:00
1143,167.14,167.17,166.81,166.81,2022-04-14 17:45:00+00:00
1144,167.04,167.36,166.97,167.15,2022-04-14 18:00:00+00:00
1145,166.65,167.17,166.56,167.04,2022-04-14 18:15:00+00:00
1146,166.37,166.79,166.31,166.68,2022-04-14 18:30:00+00:00
1147,165.94,166.5,165.93,166.37,2022-04-14 18:45:00+00:00
1148,165.78,166.12,165.73,165.95,2022-04-14 19:00:00+00:00
1149,165.82,166.27,165.75,165.79,2022-04-14 19:15:00+00:00
1150,165.95,165.97,165.6,165.83,2022-04-14 19:30:00+00:00
1151,165.28,165.99,165.04,165.96,2022-04-14 19:45:00+00:00
1152,165.24,165.36,165.17,165.28,2022-04-14 20:00:00+00:00
1153,165.33,165.34,165.23,165.24,2022-04-14 20:15:00+00:00
1154,165.39,165.48,165.29,165.35,2022-04-14 20:30:00+00:00
1155,165.41,165.45,165.39,165.39,2022-04-14 20:45:00+00:00
1156,165.16,165.43,165.16,165.41,2022-04-14 21:00:00+00:00
1157,165.24,165.32,165.2,165.3,2022-04-14 21:15:00+00:00
1158,165.21,165.36,165.17,165.18,2022-04-14 21:30:00+00:00
1159,165.21,165.24,165.17,165.19,2022-04-14 21:45:00+00:00
1160,165.2,165.25,165.16,165.2,2022-04-14 22:00:00+00:00
1161,165.22,165.22,165.16,165.2,2022-04-14 22:15:00+00:00
1162,165.23,165.25,165.17,165.22,2022-04-14 22:30:00+00:00
1163,164.49,164.85,164.36,164.78,2022-04-18 11:30:00+00:00
1164,164.47,164.54,164.36,164.5,2022-04-18 11:45:00+00:00
1165,164.14,164.66,164.13,164.49,2022-04-18 12:00:00+00:00
1166,164.32,164.32,164.01,164.16,2022-04-18 12:15:00+00:00
1167,164.45,164.77,164.24,164.33,2022-04-18 12:30:00+00:00
1168,164.65,164.95,164.44,164.49,2022-04-18 12:45:00+00:00
1169,164.77,164.94,164.51,164.65,2022-04-18 13:00:00+00:00
1170,163.86,164.89,163.62,164.78,2022-04-18 13:15:00+00:00
1171,165.33,165.73,163.7,163.91,2022-04-18 13:30:00+00:00
1172,164.49,165.57,164.15,165.36,2022-04-18 13:45:00+00:00
1173,165.44,165.57,164.09,164.48,2022-04-18 14:00:00+00:00
1174,166.16,166.36,165.3,165.44,2022-04-18 14:15:00+00:00
1175,166.42,166.43,165.98,166.15,2022-04-18 14:30:00+00:00
1176,165.51,166.59,165.31,166.42,2022-04-18 14:45:00+00:00
1177,165.26,165.62,165.26,165.51,2022-04-18 15:00:00+00:00
1178,164.63,165.28,164.52,165.27,2022-04-18 15:15:00+00:00
1179,164.57,164.68,164.41,164.62,2022-04-18 15:30:00+00:00
1180,164.74,164.78,164.3,164.57,2022-04-18 15:45:00+00:00
1181,164.16,164.84,164.08,164.74,2022-04-18 16:00:00+00:00
1182,163.76,164.22,163.7,164.15,2022-04-18 16:15:00+00:00
1183,164.11,164.13,163.7,163.75,2022-04-18 16:30:00+00:00
1184,163.98,164.19,163.82,164.1,2022-04-18 16:45:00+00:00
1185,164.27,164.35,163.81,163.97,2022-04-18 17:00:00+00:00
1186,164.5,164.51,164.02,164.26,2022-04-18 17:15:00+00:00
1187,165.3,165.32,164.43,164.5,2022-04-18 17:30:00+00:00
1188,165.32,165.61,165.12,165.31,2022-04-18 17:45:00+00:00
1189,165.24,165.55,165.09,165.32,2022-04-18 18:00:00+00:00
1190,165.48,165.82,164.9,165.23,2022-04-18 18:15:00+00:00
1191,165.44,165.66,165.31,165.46,2022-04-18 18:30:00+00:00
1192,165.25,165.58,165.21,165.44,2022-04-18 18:45:00+00:00
1193,165.11,165.32,164.98,165.25,2022-04-18 19:00:00+00:00
1194,164.83,165.23,164.8,165.11,2022-04-18 19:15:00+00:00
1195,164.25,164.81,164.18,164.81,2022-04-18 19:30:00+00:00
1196,165.11,165.11,163.99,164.24,2022-04-18 19:45:00+00:00
1197,165.69,165.78,164.95,165.11,2022-04-18 20:00:00+00:00
1198,165.84,165.99,165.6,165.63,2022-04-18 20:15:00+00:00
1199,165.82,165.88,165.8,165.84,2022-04-18 20:30:00+00:00
1200,165.7,165.84,165.64,165.84,2022-04-18 20:45:00+00:00
1201,165.76,165.81,165.71,165.74,2022-04-18 21:00:00+00:00
1202,165.64,165.73,165.61,165.71,2022-04-18 21:15:00+00:00
1203,165.65,165.69,165.63,165.66,2022-04-18 21:30:00+00:00
1204,165.65,165.76,165.65,165.69,2022-04-18 21:45:00+00:00
1205,165.7,165.82,165.65,165.65,2022-04-18 22:00:00+00:00
1206,165.8,165.8,165.65,165.77,2022-04-18 22:15:00+00:00
1207,165.84,165.84,165.8,165.82,2022-04-18 22:30:00+00:00
1208,164.98,165.06,164.83,164.9,2022-04-19 11:30:00+00:00
1209,165.34,165.34,164.97,164.97,2022-04-19 11:45:00+00:00
1210,165.57,165.61,165.24,165.29,2022-04-19 12:00:00+00:00
1211,165.43,165.62,165.33,165.57,2022-04-19 12:15:00+00:00
1212,165.24,165.63,165.17,165.43,2022-04-19 12:30:00+00:00
1213,165.12,165.23,164.95,165.23,2022-04-19 12:45:00+00:00
1214,164.89,165.25,164.51,165.12,2022-04-19 13:00:00+00:00
1215,165.0,165.35,164.77,164.89,2022-04-19 13:15:00+00:00
1216,164.37,165.12,163.91,165.0,2022-04-19 13:30:00+00:00
1217,165.09,165.13,164.12,164.36,2022-04-19 13:45:00+00:00
1218,166.24,166.51,164.9,165.07,2022-04-19 14:00:00+00:00
1219,166.25,166.5,166.07,166.24,2022-04-19 14:15:00+00:00
1220,167.14,167.27,166.23,166.27,2022-04-19 14:30:00+00:00
1221,166.78,167.19,166.68,167.15,2022-04-19 14:45:00+00:00
1222,166.92,167.04,166.52,166.78,2022-04-19 15:00:00+00:00
1223,167.23,167.43,166.76,166.92,2022-04-19 15:15:00+00:00
1224,167.25,167.44,167.0,167.24,2022-04-19 15:30:00+00:00
1225,167.02,167.37,166.96,167.26,2022-04-19 15:45:00+00:00
1226,166.62,167.04,166.48,167.0,2022-04-19 16:00:00+00:00
1227,166.5,166.74,166.48,166.65,2022-04-19 16:15:00+00:00
1228,166.43,166.66,166.26,166.49,2022-04-19 16:30:00+00:00
1229,166.47,166.62,166.38,166.44,2022-04-19 16:45:00+00:00
1230,166.52,166.68,166.33,166.47,2022-04-19 17:00:00+00:00
1231,166.14,166.57,166.12,166.51,2022-04-19 17:15:00+00:00
1232,166.27,166.45,166.12,166.12,2022-04-19 17:30:00+00:00
1233,166.47,166.65,166.18,166.27,2022-04-19 17:45:00+00:00
1234,166.16,166.5,165.86,166.48,2022-04-19 18:00:00+00:00
1235,166.37,166.38,166.02,166.18,2022-04-19 18:15:00+00:00
1236,166.58,166.6,166.15,166.35,2022-04-19 18:30:00+00:00
1237,166.61,166.68,166.4,166.6,2022-04-19 18:45:00+00:00
1238,167.34,167.34,166.5,166.6,2022-04-19 19:00:00+00:00
1239,167.48,167.61,167.29,167.33,2022-04-19 19:15:00+00:00
1240,167.21,167.74,167.11,167.5,2022-04-19 19:30:00+00:00
1241,167.46,167.82,166.94,167.21,2022-04-19 19:45:00+00:00
1242,166.22,167.52,165.92,167.47,2022-04-19 20:00:00+00:00
1243,166.48,166.89,166.2,166.2,2022-04-19 20:15:00+00:00
1244,166.5,166.8,166.35,166.43,2022-04-19 20:30:00+00:00
1245,166.45,166.52,166.36,166.4,2022-04-19 20:45:00+00:00
1246,166.21,166.51,166.21,166.44,2022-04-19 21:00:00+00:00
1247,166.2,166.32,166.18,166.24,2022-04-19 21:15:00+00:00
1248,166.42,166.5,166.18,166.2,2022-04-19 21:30:00+00:00
1249,166.34,166.36,166.25,166.25,2022-04-19 21:45:00+00:00
1250,166.47,166.47,166.33,166.34,2022-04-19 22:00:00+00:00
1251,166.6,166.63,166.47,166.5,2022-04-19 22:15:00+00:00
1252,166.68,166.79,166.52,166.52,2022-04-19 22:30:00+00:00
1253,167.7,167.74,167.61,167.69,2022-04-20 11:30:00+00:00
1254,168.98,169.07,167.74,167.74,2022-04-20 11:45:00+00:00
1255,168.8,169.05,168.78,169.01,2022-04-20 12:00:00+00:00
1256,169.0,169.13,168.67,168.8,2022-04-20 12:15:00+00:00
1257,168.73,169.05,168.68,168.96,2022-04-20 12:30:00+00:00
1258,169.1,169.13,168.48,168.75,2022-04-20 12:45:00+00:00
1259,168.76,169.12,168.7,169.1,2022-04-20 13:00:00+00:00
1260,168.64,169.1,168.27,168.78,2022-04-20 13:15:00+00:00
1261,167.1,168.88,167.06,168.71,2022-04-20 13:30:00+00:00
1262,166.7,167.4,166.51,167.09,2022-04-20 13:45:00+00:00
1263,167.67,167.82,166.55,166.69,2022-04-20 14:00:00+00:00
1264,168.08,168.2,167.58,167.69,2022-04-20 14:15:00+00:00
1265,168.05,168.39,167.77,168.09,2022-04-20 14:30:00+00:00
1266,167.79,168.2,167.72,168.06,2022-04-20 14:45:00+00:00
1267,167.04,167.8,166.91,167.78,2022-04-20 15:00:00+00:00
1268,166.78,167.06,166.58,167.04,2022-04-20 15:15:00+00:00
1269,167.17,167.2,166.75,166.8,2022-04-20 15:30:00+00:00
1270,166.78,167.28,166.47,167.18,2022-04-20 15:45:00+00:00
1271,166.41,166.96,166.26,166.77,2022-04-20 16:00:00+00:00
1272,166.47,166.53,166.11,166.4,2022-04-20 16:15:00+00:00
1273,166.82,166.92,166.41,166.48,2022-04-20 16:30:00+00:00
1274,167.08,167.28,166.8,166.84,2022-04-20 16:45:00+00:00
1275,167.44,167.58,166.95,167.08,2022-04-20 17:00:00+00:00
1276,167.43,167.57,167.23,167.44,2022-04-20 17:15:00+00:00
1277,167.92,168.0,167.37,167.43,2022-04-20 17:30:00+00:00
1278,167.77,168.08,167.49,167.93,2022-04-20 17:45:00+00:00
1279,167.4,167.81,167.36,167.76,2022-04-20 18:00:00+00:00
1280,167.13,167.54,167.08,167.39,2022-04-20 18:15:00+00:00
1281,166.91,167.28,166.86,167.13,2022-04-20 18:30:00+00:00
1282,166.88,167.16,166.46,166.91,2022-04-20 18:45:00+00:00
1283,167.34,167.43,166.83,166.88,2022-04-20 19:00:00+00:00
1284,167.42,167.6,167.16,167.34,2022-04-20 19:15:00+00:00
1285,167.57,167.67,167.17,167.42,2022-04-20 19:30:00+00:00
1286,167.23,167.94,167.02,167.58,2022-04-20 19:45:00+00:00
1287,167.42,167.85,167.18,167.23,2022-04-20 20:00:00+00:00
1288,167.45,167.49,167.36,167.49,2022-04-20 20:15:00+00:00
1289,167.44,167.59,167.39,167.4,2022-04-20 20:30:00+00:00
1290,167.55,167.59,167.35,167.41,2022-04-20 20:45:00+00:00
1291,167.68,167.69,167.52,167.55,2022-04-20 21:00:00+00:00
1292,167.68,167.69,167.55,167.64,2022-04-20 21:15:00+00:00
1293,167.63,167.68,167.5,167.67,2022-04-20 21:30:00+00:00
1294,167.65,167.68,167.56,167.56,2022-04-20 21:45:00+00:00
1295,167.62,167.62,167.5,167.5,2022-04-20 22:00:00+00:00
1296,167.75,167.75,167.61,167.62,2022-04-20 22:15:00+00:00
1297,167.86,167.86,167.65,167.65,2022-04-20 22:30:00+00:00
1298,168.96,169.21,168.96,169.16,2022-04-21 11:30:00+00:00
1299,169.13,169.2,168.81,168.81,2022-04-21 11:45:00+00:00
1300,169.05,169.13,169.0,169.08,2022-04-21 12:00:00+00:00
1301,169.05,169.07,168.91,169.06,2022-04-21 12:15:00+00:00
1302,169.05,169.07,168.52,169.04,2022-04-21 12:30:00+00:00
1303,169.0,169.06,168.91,169.05,2022-04-21 12:45:00+00:00
1304,168.81,169.09,168.7,169.01,2022-04-21 13:00:00+00:00
1305,168.9,169.01,168.72,168.8,2022-04-21 13:15:00+00:00
1306,170.44,170.62,168.44,168.87,2022-04-21 13:30:00+00:00
1307,170.05,170.87,169.89,170.45,2022-04-21 13:45:00+00:00
1308,170.01,170.45,169.8,170.06,2022-04-21 14:00:00+00:00
1309,170.68,170.78,169.92,170.02,2022-04-21 14:15:00+00:00
1310,170.65,170.99,170.42,170.7,2022-04-21 14:30:00+00:00
1311,170.54,170.82,170.14,170.65,2022-04-21 14:45:00+00:00
1312,170.83,171.05,170.39,170.53,2022-04-21 15:00:00+00:00
1313,171.2,171.53,170.59,170.85,2022-04-21 15:15:00+00:00
1314,170.62,171.35,170.62,171.18,2022-04-21 15:30:00+00:00
1315,169.93,170.62,169.91,170.61,2022-04-21 15:45:00+00:00
1316,170.03,170.44,169.74,169.94,2022-04-21 16:00:00+00:00
1317,169.73,170.35,169.7,170.02,2022-04-21 16:15:00+00:00
1318,169.79,170.1,169.67,169.74,2022-04-21 16:30:00+00:00
1319,169.33,170.03,169.26,169.77,2022-04-21 16:45:00+00:00
1320,168.78,169.44,168.6,169.33,2022-04-21 17:00:00+00:00
1321,168.97,169.04,168.05,168.78,2022-04-21 17:15:00+00:00
1322,168.33,169.18,168.13,168.97,2022-04-21 17:30:00+00:00
1323,167.99,168.67,167.88,168.34,2022-04-21 17:45:00+00:00
1324,167.24,167.98,167.21,167.98,2022-04-21 18:00:00+00:00
1325,167.4,167.64,167.13,167.24,2022-04-21 18:15:00+00:00
1326,166.72,168.03,166.71,167.39,2022-04-21 18:30:00+00:00
1327,166.32,166.76,166.05,166.73,2022-04-21 18:45:00+00:00
1328,166.27,166.34,165.91,166.32,2022-04-21 19:00:00+00:00
1329,166.72,166.84,166.02,166.27,2022-04-21 19:15:00+00:00
1330,166.55,166.72,166.01,166.7,2022-04-21 19:30:00+00:00
1331,166.34,167.14,166.03,166.55,2022-04-21 19:45:00+00:00
1332,166.24,166.51,165.94,166.35,2022-04-21 20:00:00+00:00
1333,166.18,166.42,166.1,166.25,2022-04-21 20:15:00+00:00
1334,166.52,166.7,166.0,166.39,2022-04-21 20:30:00+00:00
1335,166.3,166.53,166.08,166.49,2022-04-21 20:45:00+00:00
1336,166.31,166.4,166.18,166.26,2022-04-21 21:00:00+00:00
1337,166.15,166.33,166.1,166.33,2022-04-21 21:15:00+00:00
1338,166.12,166.2,166.0,166.15,2022-04-21 21:30:00+00:00
1339,166.14,166.2,166.09,166.14,2022-04-21 21:45:00+00:00
1340,166.1,166.19,166.0,166.14,2022-04-21 22:00:00+00:00
1341,166.1,166.26,166.1,166.1,2022-04-21 22:15:00+00:00
1342,166.34,166.36,166.28,166.31,2022-04-21 22:30:00+00:00
1343,166.47,166.57,166.25,166.31,2022-04-22 11:30:00+00:00
1344,166.96,166.96,166.48,166.48,2022-04-22 11:45:00+00:00
1345,166.95,167.16,166.76,167.0,2022-04-22 12:00:00+00:00
1346,167.47,167.6,166.95,166.95,2022-04-22 12:15:00+00:00
1347,166.74,167.47,166.53,167.45,2022-04-22 12:30:00+00:00
1348,166.66,166.85,166.4,166.78,2022-04-22 12:45:00+00:00
1349,166.36,166.74,166.25,166.66,2022-04-22 13:00:00+00:00
1350,166.46,166.64,166.11,166.4,2022-04-22 13:15:00+00:00
1351,166.0,167.87,165.82,166.49,2022-04-22 13:30:00+00:00
1352,166.33,167.05,165.92,166.0,2022-04-22 13:45:00+00:00
1353,166.05,167.05,165.9,166.32,2022-04-22 14:00:00+00:00
1354,165.51,166.12,165.24,166.04,2022-04-22 14:15:00+00:00
1355,166.12,166.56,165.41,165.47,2022-04-22 14:30:00+00:00
1356,165.92,166.45,165.79,166.1,2022-04-22 14:45:00+00:00
1357,166.35,166.55,165.57,165.92,2022-04-22 15:00:00+00:00
1358,165.93,166.49,165.8,166.35,2022-04-22 15:15:00+00:00
1359,164.84,166.05,164.82,165.93,2022-04-22 15:30:00+00:00
1360,164.53,164.96,164.52,164.85,2022-04-22 15:45:00+00:00
1361,164.43,164.68,164.14,164.52,2022-04-22 16:00:00+00:00
1362,164.64,164.8,164.3,164.41,2022-04-22 16:15:00+00:00
1363,165.12,165.33,164.57,164.63,2022-04-22 16:30:00+00:00
1364,164.71,165.29,164.66,165.11,2022-04-22 16:45:00+00:00
1365,164.54,164.75,164.29,164.71,2022-04-22 17:00:00+00:00
1366,164.07,164.72,164.01,164.54,2022-04-22 17:15:00+00:00
1367,164.02,164.19,163.85,164.07,2022-04-22 17:30:00+00:00
1368,163.72,164.06,163.72,164.02,2022-04-22 17:45:00+00:00
1369,163.5,163.77,163.32,163.72,2022-04-22 18:00:00+00:00
1370,163.48,164.26,163.38,163.5,2022-04-22 18:15:00+00:00
1371,163.24,163.63,162.9,163.47,2022-04-22 18:30:00+00:00
1372,162.96,163.33,162.57,163.26,2022-04-22 18:45:00+00:00
1373,163.39,163.49,162.55,162.96,2022-04-22 19:00:00+00:00
1374,163.15,163.67,162.97,163.39,2022-04-22 19:15:00+00:00
1375,163.16,164.16,163.01,163.14,2022-04-22 19:30:00+00:00
1376,161.88,163.19,161.49,163.17,2022-04-22 19:45:00+00:00
1377,161.6,161.97,161.19,161.83,2022-04-22 20:00:00+00:00
1378,161.46,161.7,161.2,161.64,2022-04-22 20:15:00+00:00
1379,161.49,161.54,161.28,161.46,2022-04-22 20:30:00+00:00
1380,161.5,161.65,161.4,161.49,2022-04-22 20:45:00+00:00
1381,161.54,161.69,161.48,161.48,2022-04-22 21:00:00+00:00
1382,161.63,161.72,161.54,161.54,2022-04-22 21:15:00+00:00
1383,161.45,161.62,161.45,161.59,2022-04-22 21:30:00+00:00
1384,161.34,161.5,161.0,161.45,2022-04-22 21:45:00+00:00
1385,161.33,161.39,161.28,161.34,2022-04-22 22:00:00+00:00
1386,161.33,161.38,161.3,161.36,2022-04-22 22:15:00+00:00
1387,161.36,161.54,161.3,161.36,2022-04-22 22:30:00+00:00
